Subject,Run_Rate,Smoothed_Target,Max_Capacity,Gap_Pct,Raw_Gap,Coverage_Pct,Needs_External_Levers,BTS_Total,Is_Adjusted,Adjusted_Months,Original_Model_Total,Apr_Original,May_Original,Jun_Original,Jul_Original,Aug_Original,Sep_Original,Oct_Original,Apr_Smoothed,May_Smoothed,Jun_Smoothed,Jul_Smoothed,Aug_Smoothed,Sep_Smoothed,Oct_Smoothed,Apr_ManualOverride,May_ManualOverride,Jun_ManualOverride,Jul_ManualOverride,Aug_ManualOverride,Sep_ManualOverride,Oct_ManualOverride,Mar_Actual,Mar_Forecast,Total_Contracted,Utilized_30d,Util_Rate,Util_Rate_Current,Util_Rate_Trailing,Util_Trend,Util_Trend_Delta,Util_Recent_Contracted,Util_Recent_Utilized,Problem_Type,Category,Tier
Middle School Math,102.0,35.0,122.0,-65.0,466.0,288,False,248.0,True,['Apr'],248.0,39.0,27.0,24.0,26.0,34.0,45.0,53.0,39.0,27.0,24.0,26.0,34.0,45.0,53.0,39.0,,,,,,,,61.0,3314.0,2516.0,56.0,55.8,76.8,down,-21.0,138.0,77.0,On Track,Middle School,CORE
High School Chemistry,18.0,39.0,22.0,115.0,-145.0,46,True,271.0,True,['Apr'],268.0,33.0,32.0,31.0,34.0,40.0,47.0,51.0,36.0,32.0,33.0,32.0,46.0,46.0,46.0,36.0,,,,,,,14.0,28.0,754.0,596.0,54.0,54.2,79.9,down,-25.7,24.0,13.0,True Supply Problem,High School,CORE
Elementary School Math,129.0,24.0,155.0,-81.0,735.0,538,False,168.0,True,['Apr'],132.0,27.0,12.0,8.0,8.0,16.0,26.0,35.0,63.0,12.0,8.0,8.0,16.0,26.0,35.0,63.0,,,,,,,,57.0,4133.0,3093.0,50.0,50.3,75.9,down,-25.6,171.0,86.0,On Track,Elementary,CORE
SAT,11.0,36.0,13.0,229.0,-176.0,30,True,253.0,True,['Apr'],252.0,27.0,26.0,30.0,36.0,42.0,45.0,46.0,28.0,30.0,32.0,30.0,44.0,45.0,44.0,28.0,,,,,,,15.0,33.0,657.0,554.0,81.0,80.6,84.5,down,-3.9,31.0,25.0,True Supply Problem,Test Prep,CORE
Pre-Calculus,31.0,28.0,37.0,-9.0,19.0,110,False,198.0,True,['Apr'],195.0,23.0,21.0,18.0,20.0,28.0,39.0,46.0,26.0,21.0,18.0,20.0,37.0,39.0,37.0,26.0,,,,,,,17.0,16.0,1416.0,1147.0,67.0,66.7,81.3,down,-14.6,30.0,20.0,On Track,High School,CORE
Elementary School Reading,113.0,25.0,136.0,-78.0,616.0,452,False,175.0,True,['Apr'],125.0,21.0,9.0,5.0,5.0,15.0,29.0,41.0,71.0,9.0,5.0,5.0,15.0,29.0,41.0,71.0,,,,,,,,38.0,2989.0,2137.0,41.0,40.8,72.8,down,-31.9,120.0,49.0,Over-Supplied,Elementary,CORE
Algebra 2,38.0,24.0,46.0,-37.0,99.0,159,False,167.0,True,['Apr'],156.0,18.0,12.0,9.0,11.0,22.0,36.0,48.0,29.0,12.0,9.0,11.0,35.0,36.0,35.0,29.0,,,,,,,28.0,15.0,1472.0,1170.0,66.0,66.0,80.0,down,-14.0,50.0,33.0,On Track,High School,CORE
Algebra,63.0,18.0,76.0,-72.0,316.0,353,False,125.0,True,['Apr'],110.0,17.0,6.0,3.0,5.0,15.0,27.0,37.0,32.0,6.0,3.0,5.0,15.0,27.0,37.0,32.0,,,,,,,,30.0,2522.0,2004.0,56.0,55.8,80.3,down,-24.5,86.0,48.0,On Track,High School,HIGH
AP Biology,23.0,17.0,28.0,-24.0,39.0,132,False,122.0,True,['Apr'],121.0,15.0,14.0,14.0,15.0,18.0,21.0,24.0,16.0,14.0,14.0,15.0,21.0,21.0,21.0,16.0,,,,,,,13.0,7.0,619.0,468.0,56.0,56.0,76.4,down,-20.4,25.0,14.0,On Track,AP,HIGH
College Accounting,7.0,16.0,8.0,127.0,-62.0,44,True,111.0,True,['Apr'],121.0,15.0,16.0,17.0,18.0,19.0,18.0,18.0,5.0,17.0,17.0,17.0,18.0,19.0,18.0,5.0,,,,,,,5.0,9.0,164.0,127.0,38.0,37.5,79.5,down,-42.0,8.0,3.0,Under-Used,College,HIGH
Geometry,29.0,19.0,35.0,-35.0,72.0,155,False,131.0,True,['Apr'],122.0,14.0,9.0,6.0,8.0,17.0,29.0,39.0,23.0,9.0,6.0,8.0,28.0,29.0,28.0,23.0,,,,,,,15.0,15.0,1311.0,1070.0,66.0,65.5,82.0,down,-16.5,29.0,19.0,On Track,High School,HIGH
AP Calculus AB,13.0,18.0,16.0,37.0,-34.0,73,True,125.0,True,['Apr'],124.0,14.0,12.0,10.0,12.0,18.0,26.0,32.0,15.0,13.0,10.0,12.0,25.0,26.0,25.0,15.0,,,,,,,14.0,8.0,632.0,526.0,71.0,70.6,83.6,down,-13.0,17.0,12.0,True Supply Problem,AP,HIGH
College Chemistry,11.0,14.0,13.0,29.0,-22.0,78,True,99.0,True,['Apr'],97.0,12.0,11.0,11.0,11.0,14.0,18.0,20.0,14.0,11.0,11.0,11.0,17.0,18.0,17.0,14.0,,,,,,,10.0,10.0,433.0,343.0,50.0,50.0,80.5,down,-30.5,18.0,9.0,True Supply Problem,College,HIGH
Middle School Reading,92.0,12.0,110.0,-87.0,558.0,749,False,86.0,True,['Apr'],81.0,11.0,9.0,8.0,8.0,11.0,15.0,19.0,16.0,9.0,8.0,8.0,11.0,15.0,19.0,16.0,,,,,,,,14.0,2181.0,1558.0,44.0,44.0,72.9,down,-28.8,109.0,48.0,Over-Supplied,Middle School,HIGH
Organic Chemistry,9.0,12.0,11.0,33.0,-21.0,75,True,84.0,True,['Apr'],82.0,9.0,9.0,9.0,9.0,12.0,16.0,18.0,11.0,9.0,9.0,9.0,15.0,16.0,15.0,11.0,,,,,,,1.0,9.0,303.0,247.0,100.0,100.0,81.3,up,18.7,3.0,3.0,True Supply Problem,College,HIGH
Executive Functioning,15.0,8.0,18.0,-46.0,48.0,184,False,57.0,True,['Apr'],53.0,9.0,7.0,5.0,5.0,7.0,9.0,11.0,13.0,7.0,5.0,5.0,7.0,9.0,11.0,13.0,,,,,,,9.0,5.0,428.0,329.0,40.0,40.0,78.7,down,-38.7,20.0,8.0,Over-Supplied,Other,MEDIUM
High School Biology,36.0,10.0,43.0,-72.0,182.0,360,False,70.0,True,['Apr'],70.0,9.0,8.0,7.0,7.0,10.0,13.0,16.0,9.0,8.0,7.0,7.0,10.0,13.0,16.0,9.0,,,,,,,31.0,2.0,967.0,712.0,48.0,48.2,75.2,down,-27.0,56.0,27.0,Over-Supplied,High School,MEDIUM
Statistics,12.0,12.0,14.0,1.0,-1.0,99,False,85.0,True,['Apr'],83.0,9.0,9.0,8.0,8.0,12.0,17.0,20.0,11.0,9.0,8.0,8.0,16.0,17.0,16.0,11.0,,,,,,,12.0,9.0,579.0,491.0,78.0,77.8,85.0,down,-7.2,18.0,14.0,On Track,College,HIGH
High School Physics,12.0,10.0,14.0,-15.0,13.0,118,False,71.0,True,['Apr'],70.0,8.0,7.0,6.0,7.0,10.0,14.0,18.0,9.0,7.0,6.0,7.0,14.0,14.0,14.0,9.0,,,,,,,6.0,2.0,724.0,594.0,83.0,83.3,82.0,flat,1.3,6.0,5.0,On Track,High School,MEDIUM
College Application Essays,35.0,8.0,42.0,-76.0,186.0,415,False,59.0,False,,59.0,8.0,8.0,7.0,8.0,8.0,10.0,10.0,8.0,8.0,7.0,8.0,8.0,10.0,10.0,,,,,,,,27.0,1.0,667.0,504.0,35.0,35.0,78.1,down,-43.1,40.0,14.0,Over-Supplied,College,MEDIUM
Elementary School Writing,107.0,8.0,128.0,-92.0,692.0,1314,False,57.0,True,['Apr'],50.0,7.0,6.0,5.0,5.0,6.0,9.0,12.0,14.0,6.0,5.0,5.0,6.0,9.0,12.0,14.0,,,,,,,,8.0,2580.0,1841.0,43.0,43.3,72.8,down,-29.5,127.0,55.0,Over-Supplied,Elementary,MEDIUM
AP Chemistry,12.0,7.0,14.0,-40.0,34.0,168,False,50.0,True,['Apr'],49.0,7.0,5.0,5.0,5.0,7.0,9.0,11.0,8.0,5.0,5.0,5.0,7.0,9.0,11.0,8.0,,,,,,,8.0,7.0,486.0,389.0,69.0,69.2,80.3,down,-11.1,13.0,9.0,On Track,AP,MEDIUM
Middle School Science,60.0,6.0,72.0,-89.0,375.0,933,False,45.0,True,['Apr'],45.0,7.0,5.0,4.0,5.0,6.0,8.0,10.0,7.0,5.0,4.0,5.0,6.0,8.0,10.0,7.0,,,,,,,,10.0,1474.0,1080.0,48.0,47.5,75.2,down,-27.6,101.0,48.0,Over-Supplied,Middle School,MEDIUM
College Biology,19.0,8.0,23.0,-56.0,75.0,229,False,58.0,True,['Apr'],57.0,7.0,7.0,7.0,7.0,9.0,10.0,10.0,8.0,7.0,7.0,7.0,9.0,10.0,10.0,8.0,,,,,,,11.0,5.0,542.0,415.0,58.0,57.9,77.2,down,-19.4,19.0,11.0,On Track,College,MEDIUM
LSAT,4.0,9.0,5.0,132.0,-37.0,43,True,65.0,True,['Apr'],61.0,6.0,7.0,9.0,10.0,10.0,10.0,9.0,10.0,8.0,10.0,8.0,9.0,11.0,9.0,10.0,,,,,,,2.0,22.0,101.0,79.0,100.0,100.0,77.6,up,22.4,3.0,3.0,True Supply Problem,Test Prep,MEDIUM
Coding,15.0,6.0,18.0,-58.0,61.0,239,False,44.0,True,['Apr'],44.0,6.0,6.0,5.0,5.0,6.0,8.0,8.0,6.0,6.0,5.0,5.0,6.0,8.0,8.0,6.0,,,,,,,,6.0,339.0,256.0,55.0,54.5,77.0,down,-22.4,22.0,12.0,On Track,College,MEDIUM
Handwriting,16.0,5.0,19.0,-68.0,76.0,311,False,36.0,True,['Apr'],36.0,6.0,5.0,4.0,4.0,5.0,6.0,6.0,6.0,5.0,4.0,4.0,5.0,6.0,6.0,6.0,,,,,,,,6.0,242.0,187.0,33.0,33.3,78.4,down,-45.1,6.0,2.0,Over-Supplied,Elementary,MEDIUM
Elementary School English,92.0,7.0,110.0,-93.0,598.0,1400,False,46.0,True,['Apr'],33.0,5.0,3.0,1.0,1.0,4.0,8.0,11.0,18.0,3.0,1.0,1.0,4.0,8.0,11.0,18.0,,,,,,,,7.0,2879.0,2065.0,40.0,39.7,73.3,down,-33.6,136.0,54.0,Over-Supplied,Elementary,MEDIUM
AP Physics 1,10.0,5.0,12.0,-47.0,33.0,189,False,37.0,True,['Apr'],36.0,5.0,4.0,3.0,4.0,5.0,7.0,8.0,6.0,4.0,3.0,4.0,5.0,7.0,8.0,6.0,,,,,,,5.0,1.0,505.0,425.0,86.0,85.7,84.1,flat,1.6,7.0,6.0,On Track,AP,MEDIUM
AP Calculus BC,5.0,7.0,6.0,34.0,-12.0,74,True,47.0,True,['Apr'],46.0,5.0,5.0,4.0,4.0,7.0,9.0,12.0,6.0,5.0,4.0,4.0,9.0,10.0,9.0,6.0,,,,,,,4.0,3.0,366.0,314.0,50.0,50.0,86.2,down,-36.2,4.0,2.0,True Supply Problem,AP,MEDIUM
AP Human Geography,3.0,5.0,4.0,81.0,-17.0,55,True,38.0,True,['Apr'],38.0,5.0,5.0,5.0,5.0,6.0,6.0,6.0,5.0,5.0,5.0,5.0,6.0,6.0,6.0,5.0,,,,,,,2.0,2.0,104.0,77.0,50.0,50.0,75.0,down,-25.0,4.0,2.0,True Supply Problem,AP,MEDIUM
Spanish 1,19.0,6.0,23.0,-68.0,90.0,309,False,43.0,True,['Apr'],43.0,4.0,4.0,4.0,5.0,7.0,9.0,10.0,4.0,4.0,4.0,5.0,7.0,9.0,10.0,4.0,,,,,,,14.0,1.0,631.0,483.0,50.0,50.0,77.5,down,-27.5,22.0,11.0,On Track,Language,MEDIUM
Spanish 2,14.0,4.0,17.0,-68.0,67.0,316,False,31.0,False,,31.0,4.0,3.0,2.0,3.0,4.0,7.0,8.0,4.0,3.0,2.0,3.0,4.0,7.0,8.0,,,,,,,,5.0,2.0,602.0,463.0,18.0,18.2,78.0,down,-59.8,11.0,2.0,Over-Supplied,Language,MEDIUM
AP Statistics,7.0,5.0,8.0,-31.0,15.0,144,False,34.0,True,['Apr'],34.0,4.0,4.0,4.0,4.0,5.0,6.0,7.0,4.0,4.0,4.0,4.0,5.0,6.0,7.0,4.0,,,,,,,7.0,1.0,381.0,322.0,56.0,55.6,85.2,down,-29.7,9.0,5.0,On Track,AP,MEDIUM
AP English Language and Composition,31.0,5.0,37.0,-84.0,182.0,620,False,35.0,True,['Apr'],35.0,4.0,4.0,3.0,4.0,5.0,7.0,8.0,4.0,4.0,3.0,4.0,5.0,7.0,8.0,4.0,,,,,,,,4.0,550.0,396.0,49.0,49.0,74.3,down,-25.3,51.0,25.0,Over-Supplied,AP,MEDIUM
Essay Editing,56.0,5.0,67.0,-91.0,357.0,1120,False,35.0,True,['Apr'],35.0,4.0,4.0,4.0,4.0,5.0,7.0,7.0,4.0,4.0,4.0,4.0,5.0,7.0,7.0,4.0,,,,,,,,4.0,1208.0,897.0,40.0,40.0,76.4,down,-36.4,70.0,28.0,Over-Supplied,Other,MEDIUM
AP Physics C: Mechanics,2.0,5.0,2.0,136.0,-19.0,42,True,33.0,True,['Apr'],33.0,4.0,4.0,3.0,4.0,5.0,6.0,7.0,4.0,3.0,5.0,3.0,6.0,6.0,6.0,4.0,,,,,,,1.0,4.0,146.0,122.0,84.0,,83.6,,,0.0,0.0,True Supply Problem,AP,MEDIUM
Calculus 3,3.0,5.0,4.0,62.0,-13.0,62,True,34.0,True,['Apr'],34.0,4.0,4.0,4.0,4.0,5.0,6.0,7.0,4.0,4.0,4.0,4.0,6.0,6.0,6.0,4.0,,,,,,,1.0,3.0,259.0,223.0,100.0,100.0,86.0,up,14.0,1.0,1.0,True Supply Problem,College,MEDIUM
AP Computer Science A,7.0,6.0,8.0,-20.0,10.0,126,False,39.0,True,['Apr'],39.0,4.0,4.0,3.0,4.0,6.0,8.0,10.0,4.0,4.0,3.0,4.0,8.0,8.0,8.0,4.0,,,,,,,,4.0,203.0,163.0,33.0,33.3,81.7,down,-48.4,6.0,2.0,Over-Supplied,AP,MEDIUM
IB Mathematics: Analysis and Approaches,1.0,6.0,1.0,500.0,-35.0,17,True,42.0,True,['Apr'],42.0,4.0,4.0,5.0,5.0,7.0,8.0,9.0,4.0,4.0,6.0,4.0,8.0,8.0,8.0,4.0,,,,,,,0.0,1.0,138.0,115.0,83.0,,83.3,,,0.0,0.0,True Supply Problem,IB,MEDIUM
Adobe Illustrator,10.0,3.0,12.0,-69.0,48.0,318,False,22.0,True,['Apr'],25.0,4.0,3.0,3.0,3.0,4.0,4.0,4.0,1.0,3.0,3.0,3.0,4.0,4.0,4.0,1.0,,,,,,,,4.0,96.0,73.0,83.0,83.3,75.6,up,7.8,6.0,5.0,On Track,Arts & Music,LOW
SAT Math,14.0,2.0,17.0,-85.0,83.0,653,False,15.0,True,['Apr'],15.0,3.0,2.0,2.0,2.0,2.0,2.0,2.0,3.0,2.0,2.0,2.0,2.0,2.0,2.0,3.0,,,,,,,15.0,4.0,730.0,610.0,76.0,75.9,83.9,down,-8.0,29.0,22.0,On Track,Test Prep,LOW
Study Skills And Organization,17.0,4.0,20.0,-77.0,92.0,441,False,27.0,True,['Apr'],21.0,3.0,2.0,1.0,1.0,3.0,5.0,6.0,9.0,2.0,1.0,1.0,3.0,5.0,6.0,9.0,,,,,,,3.0,2.0,967.0,775.0,43.0,42.9,80.7,down,-37.8,14.0,6.0,Over-Supplied,Other,LOW
Calculus 2,11.0,5.0,13.0,-57.0,44.0,233,False,33.0,True,['Apr'],31.0,3.0,3.0,3.0,3.0,4.0,7.0,8.0,5.0,3.0,3.0,3.0,4.0,7.0,8.0,5.0,,,,,,,5.0,1.0,503.0,422.0,57.0,57.1,84.3,down,-27.1,7.0,4.0,On Track,College,MEDIUM
Public Speaking,26.0,3.0,31.0,-89.0,162.0,910,False,20.0,True,['Apr'],14.0,3.0,0.0,0.0,0.0,1.0,4.0,6.0,9.0,0.0,0.0,0.0,1.0,4.0,6.0,9.0,,,,,,,,8.0,708.0,545.0,47.0,47.1,77.7,down,-30.7,17.0,8.0,Over-Supplied,College,LOW
Trigonometry,24.0,3.0,29.0,-86.0,145.0,730,False,23.0,True,['Apr'],22.0,3.0,2.0,2.0,2.0,3.0,4.0,6.0,4.0,2.0,2.0,2.0,3.0,4.0,6.0,4.0,,,,,,,,4.0,860.0,696.0,68.0,67.9,81.4,down,-13.5,28.0,19.0,On Track,High School,LOW
Nursing,12.0,3.0,14.0,-75.0,63.0,400,False,21.0,True,['Apr'],21.0,3.0,3.0,3.0,3.0,3.0,3.0,3.0,3.0,3.0,3.0,3.0,3.0,3.0,3.0,3.0,,,,,,,,4.0,142.0,100.0,43.0,42.9,73.4,down,-30.6,14.0,6.0,Over-Supplied,Professional/Cert,LOW
College English,33.0,4.0,40.0,-88.0,204.0,856,False,27.0,False,,27.0,3.0,3.0,3.0,3.0,4.0,5.0,6.0,3.0,3.0,3.0,3.0,4.0,5.0,6.0,,,,,,,,,4.0,933.0,690.0,45.0,45.2,76.0,down,-30.8,62.0,28.0,Over-Supplied,College,LOW
Finance,6.0,3.0,7.0,-50.0,21.0,200,False,21.0,True,['Apr'],21.0,3.0,2.0,2.0,2.0,3.0,4.0,5.0,3.0,2.0,2.0,2.0,3.0,4.0,5.0,3.0,,,,,,,6.0,1.0,139.0,105.0,14.0,14.3,78.8,down,-64.5,7.0,1.0,Over-Supplied,College,LOW
Biochemistry,8.0,3.0,10.0,-62.0,35.0,267,False,21.0,True,['Apr'],21.0,3.0,3.0,3.0,3.0,3.0,3.0,3.0,3.0,3.0,3.0,3.0,3.0,3.0,3.0,3.0,,,,,,,1.0,4.0,239.0,182.0,50.0,50.0,76.4,down,-26.4,2.0,1.0,On Track,College,LOW
College Economics,5.0,4.0,6.0,-17.0,6.0,121,False,29.0,True,['Apr'],27.0,3.0,3.0,3.0,3.0,4.0,5.0,6.0,5.0,3.0,3.0,3.0,5.0,5.0,5.0,5.0,,,,,,,2.0,3.0,177.0,143.0,67.0,66.7,81.3,down,-14.6,6.0,4.0,On Track,College,LOW
Autocad,2.0,2.0,2.0,7.0,-1.0,93,False,15.0,True,['Apr'],15.0,3.0,2.0,2.0,2.0,2.0,2.0,2.0,3.0,2.0,2.0,2.0,2.0,2.0,2.0,3.0,,,,,,,2.0,1.0,68.0,50.0,100.0,100.0,72.7,up,27.3,2.0,2.0,On Track,Technology,LOW
AP Pre-Calculus,8.0,37.0,10.0,362.0,-203.0,22,True,259.0,True,['Apr'],265.0,31.0,33.0,34.0,37.0,41.0,44.0,45.0,25.0,34.0,36.0,34.0,43.0,44.0,43.0,25.0,,,,,,,9.0,19.0,502.0,433.0,71.0,71.4,86.7,down,-15.3,14.0,10.0,True Supply Problem,AP,CORE
Managerial Accounting,5.0,4.0,6.0,-23.0,8.0,130,False,27.0,True,['Apr'],26.0,3.0,3.0,3.0,3.0,4.0,5.0,5.0,4.0,3.0,3.0,3.0,4.0,5.0,5.0,4.0,,,,,,,0.0,3.0,120.0,99.0,33.0,33.3,83.8,down,-50.4,3.0,1.0,Over-Supplied,College,LOW
Macroeconomics,5.0,3.0,6.0,-31.0,11.0,146,False,24.0,True,['Apr'],25.0,3.0,3.0,3.0,4.0,4.0,4.0,4.0,2.0,3.0,3.0,4.0,4.0,4.0,4.0,2.0,,,,,,,1.0,2.0,116.0,90.0,100.0,100.0,77.4,up,22.6,1.0,1.0,On Track,College,LOW
AP Environmental Science,4.0,4.0,5.0,-4.0,1.0,104,False,27.0,True,['Apr'],27.0,3.0,3.0,3.0,3.0,4.0,5.0,6.0,3.0,3.0,3.0,3.0,5.0,5.0,5.0,3.0,,,,,,,0.0,4.0,119.0,92.0,50.0,50.0,77.8,down,-27.8,2.0,1.0,On Track,AP,LOW
High School World History,13.0,4.0,16.0,-73.0,66.0,364,False,25.0,True,['Apr'],26.0,3.0,3.0,2.0,3.0,4.0,5.0,6.0,2.0,3.0,2.0,3.0,4.0,5.0,6.0,2.0,,,,,,,,3.0,305.0,220.0,36.0,35.7,73.9,down,-38.2,14.0,5.0,Over-Supplied,High School,LOW
AP Macroeconomics,2.0,3.0,2.0,64.0,-9.0,61,True,23.0,True,['Apr'],23.0,3.0,2.0,2.0,2.0,3.0,5.0,6.0,3.0,2.0,2.0,2.0,4.0,6.0,4.0,3.0,,,,,,,0.0,1.0,98.0,82.0,84.0,,83.7,,,0.0,0.0,True Supply Problem,AP,LOW
IB Mathematics: Applications and Interpretation,1.0,3.0,1.0,229.0,-16.0,30,True,23.0,True,['Apr'],23.0,3.0,2.0,2.0,2.0,3.0,5.0,6.0,3.0,2.0,2.0,2.0,4.0,6.0,4.0,3.0,,,,,,,0.0,1.0,120.0,102.0,85.0,,85.0,,,0.0,0.0,True Supply Problem,IB,LOW
IB Chemistry,2.0,3.0,2.0,64.0,-9.0,61,True,23.0,True,['Apr'],24.0,3.0,2.0,2.0,2.0,3.0,5.0,7.0,2.0,2.0,2.0,2.0,5.0,5.0,5.0,2.0,,,,,,,0.0,1.0,112.0,89.0,0.0,0.0,80.2,down,-80.2,1.0,0.0,Under-Used,IB,LOW
Digital Media,13.0,3.0,16.0,-74.0,67.0,379,False,24.0,True,['Apr'],24.0,3.0,3.0,3.0,3.0,4.0,4.0,4.0,3.0,3.0,3.0,3.0,4.0,4.0,4.0,3.0,,,,,,,,3.0,93.0,72.0,60.0,60.0,78.4,down,-18.4,5.0,3.0,On Track,Arts & Music,LOW
Artificial Intelligence (AI),4.0,3.0,5.0,-25.0,7.0,133,False,21.0,True,['Apr'],21.0,3.0,3.0,3.0,3.0,3.0,3.0,3.0,3.0,3.0,3.0,3.0,3.0,3.0,3.0,3.0,,,,,,,1.0,1.0,84.0,73.0,50.0,50.0,87.8,down,-37.8,2.0,1.0,On Track,College,LOW
Management,2.0,3.0,2.0,57.0,-8.0,64,True,22.0,False,,22.0,3.0,3.0,2.0,3.0,3.0,4.0,4.0,3.0,2.0,4.0,2.0,3.0,5.0,3.0,,,,,,,,0.0,1.0,161.0,125.0,33.0,33.3,78.5,down,-45.1,3.0,1.0,Under-Used,College,LOW
Viral Content Creation,1.0,4.0,1.0,286.0,-20.0,26,True,27.0,True,['Apr'],27.0,3.0,3.0,3.0,4.0,4.0,5.0,5.0,3.0,3.0,4.0,3.0,4.0,6.0,4.0,3.0,,,,,,,0.0,1.0,21.0,18.0,86.0,,85.7,,,0.0,0.0,True Supply Problem,Other,LOW
Social Networking,1.0,4.0,1.0,271.0,-19.0,27,True,26.0,True,['Apr'],26.0,3.0,3.0,3.0,4.0,4.0,4.0,5.0,3.0,3.0,4.0,3.0,4.0,5.0,4.0,3.0,,,,,,,0.0,1.0,63.0,51.0,81.0,,81.0,,,0.0,0.0,True Supply Problem,Technology,LOW
Middle School English,82.0,2.0,98.0,-98.0,561.0,4415,False,13.0,True,['Apr'],6.0,2.0,0.0,0.0,0.0,0.0,1.0,3.0,9.0,0.0,0.0,0.0,0.0,1.0,3.0,9.0,,,,,,,,9.0,2325.0,1696.0,41.0,41.0,74.7,down,-33.7,122.0,50.0,Over-Supplied,Middle School,LOW
MCAT,5.0,3.0,6.0,-49.0,17.0,194,False,18.0,True,['Apr'],18.0,2.0,2.0,3.0,3.0,3.0,3.0,2.0,2.0,2.0,3.0,3.0,3.0,3.0,2.0,2.0,,,,,,,2.0,3.0,134.0,110.0,80.0,80.0,82.2,flat,-2.2,5.0,4.0,On Track,Test Prep,LOW
ESL/ELL,23.0,3.0,28.0,-88.0,142.0,847,False,19.0,False,,19.0,2.0,1.0,0.0,1.0,3.0,5.0,7.0,2.0,1.0,0.0,1.0,3.0,5.0,7.0,,,,,,,,14.0,1.0,872.0,638.0,23.0,23.1,74.7,down,-51.6,26.0,6.0,Over-Supplied,Language,LOW
Python,12.0,2.0,14.0,-83.0,70.0,600,False,14.0,True,['Apr'],14.0,2.0,1.0,1.0,1.0,2.0,3.0,4.0,2.0,1.0,1.0,1.0,2.0,3.0,4.0,2.0,,,,,,,,3.0,471.0,376.0,62.0,62.5,80.1,down,-17.6,8.0,5.0,On Track,College,LOW
Anatomy & Physiology,20.0,2.0,24.0,-91.0,128.0,1167,False,12.0,True,['Apr'],12.0,2.0,1.0,1.0,1.0,2.0,2.0,3.0,2.0,1.0,1.0,1.0,2.0,2.0,3.0,2.0,,,,,,,,4.0,446.0,323.0,44.0,44.0,74.1,down,-30.1,25.0,11.0,Over-Supplied,College,LOW
Kindergarten Readiness,14.0,3.0,17.0,-82.0,80.0,544,False,18.0,True,['Apr'],15.0,2.0,2.0,1.0,1.0,2.0,3.0,4.0,5.0,2.0,1.0,1.0,2.0,3.0,4.0,5.0,,,,,,,,3.0,280.0,210.0,21.0,21.4,77.8,down,-56.4,14.0,3.0,Over-Supplied,Elementary,LOW
Microsoft Excel,13.0,3.0,16.0,-77.0,70.0,433,False,21.0,True,['Apr'],21.0,2.0,1.0,1.0,2.0,4.0,5.0,6.0,2.0,1.0,1.0,2.0,4.0,5.0,6.0,2.0,,,,,,,6.0,1.0,405.0,310.0,33.0,33.3,77.9,down,-44.5,12.0,4.0,Over-Supplied,Technology,LOW
HSPT,6.0,4.0,7.0,-31.0,13.0,145,False,29.0,False,,29.0,2.0,3.0,4.0,4.0,5.0,6.0,5.0,2.0,3.0,4.0,4.0,5.0,6.0,5.0,,,,,,,,9.0,3.0,181.0,147.0,78.0,78.3,81.6,down,-3.4,23.0,18.0,On Track,Test Prep,LOW
AP US History,9.0,3.0,11.0,-68.0,43.0,315,False,20.0,True,['Apr'],19.0,2.0,2.0,1.0,2.0,3.0,4.0,5.0,3.0,2.0,1.0,2.0,3.0,4.0,5.0,3.0,,,,,,,5.0,1.0,278.0,189.0,43.0,42.9,68.6,down,-25.8,7.0,3.0,Over-Supplied,AP,LOW
Chess,2.0,2.0,2.0,0.0,0.0,100,False,14.0,True,['Apr'],14.0,2.0,2.0,2.0,2.0,2.0,2.0,2.0,2.0,2.0,2.0,2.0,2.0,2.0,2.0,2.0,,,,,,,,2.0,96.0,81.0,0.0,0.0,85.3,down,-85.3,1.0,0.0,Over-Supplied,Other,LOW
Spanish 3,12.0,3.0,14.0,-79.0,66.0,467,False,18.0,True,['Apr'],18.0,2.0,2.0,2.0,3.0,3.0,3.0,3.0,2.0,2.0,2.0,3.0,3.0,3.0,3.0,2.0,,,,,,,3.0,2.0,534.0,416.0,14.0,14.3,78.7,down,-64.5,7.0,1.0,Over-Supplied,Language,LOW
High School Reading,39.0,3.0,47.0,-93.0,254.0,1437,False,19.0,True,['Apr'],18.0,2.0,2.0,2.0,2.0,3.0,3.0,4.0,3.0,2.0,2.0,2.0,3.0,3.0,4.0,3.0,,,,,,,,2.0,949.0,718.0,32.0,32.4,77.4,down,-45.0,37.0,12.0,Over-Supplied,High School,LOW
ASVAB,2.0,3.0,2.0,36.0,-5.0,74,True,19.0,True,['Apr'],19.0,2.0,1.0,1.0,2.0,3.0,5.0,5.0,2.0,1.0,1.0,2.0,4.0,5.0,4.0,2.0,,,,,,,0.0,3.0,63.0,50.0,0.0,0.0,80.6,down,-80.6,1.0,0.0,Under-Used,Test Prep,LOW
Piano,6.0,2.0,7.0,-71.0,30.0,350,False,12.0,True,['Apr'],12.0,2.0,1.0,1.0,2.0,2.0,2.0,2.0,2.0,1.0,1.0,2.0,2.0,2.0,2.0,2.0,,,,,,,,2.0,166.0,116.0,0.0,0.0,71.6,down,-71.6,4.0,0.0,Over-Supplied,Arts & Music,LOW
AP World History,8.0,2.0,10.0,-70.0,39.0,329,False,17.0,True,['Apr'],16.0,2.0,1.0,1.0,1.0,2.0,4.0,5.0,3.0,1.0,1.0,1.0,2.0,4.0,5.0,3.0,,,,,,,3.0,2.0,255.0,181.0,100.0,100.0,70.4,up,29.6,5.0,5.0,On Track,AP,LOW
Microeconomics,4.0,2.0,5.0,-57.0,16.0,233,False,12.0,True,['Apr'],12.0,2.0,1.0,1.0,1.0,2.0,2.0,3.0,2.0,1.0,1.0,1.0,2.0,2.0,3.0,2.0,,,,,,,1.0,2.0,163.0,125.0,67.0,66.7,76.9,down,-10.2,3.0,2.0,On Track,College,LOW
French 2,5.0,3.0,6.0,-49.0,17.0,194,False,18.0,False,,18.0,2.0,2.0,2.0,2.0,2.0,4.0,4.0,2.0,2.0,2.0,2.0,2.0,4.0,4.0,,,,,,,,1.0,1.0,190.0,147.0,25.0,25.0,78.5,down,-53.5,4.0,1.0,Over-Supplied,Language,LOW
Linear Algebra,7.0,2.0,8.0,-65.0,32.0,288,False,17.0,True,['Apr'],16.0,2.0,2.0,2.0,2.0,2.0,3.0,3.0,3.0,2.0,2.0,2.0,2.0,3.0,3.0,3.0,,,,,,,3.0,3.0,314.0,265.0,67.0,66.7,84.6,down,-17.9,3.0,2.0,On Track,College,LOW
Psychology,19.0,2.0,23.0,-89.0,119.0,950,False,14.0,False,,14.0,2.0,2.0,2.0,2.0,2.0,2.0,2.0,2.0,2.0,2.0,2.0,2.0,2.0,2.0,,,,,,,,,2.0,373.0,272.0,30.0,30.0,75.4,down,-45.4,20.0,6.0,Over-Supplied,College,LOW
English Grammar and Syntax,62.0,3.0,74.0,-96.0,416.0,2411,False,18.0,True,['Apr'],19.0,2.0,2.0,2.0,3.0,4.0,3.0,3.0,1.0,2.0,2.0,3.0,4.0,3.0,3.0,1.0,,,,,,,,2.0,1242.0,922.0,33.0,33.3,75.0,down,-41.7,24.0,8.0,Over-Supplied,High School,LOW
Competition Math,3.0,3.0,4.0,-14.0,3.0,117,False,18.0,True,['Apr'],18.0,2.0,2.0,2.0,2.0,3.0,3.0,4.0,2.0,2.0,2.0,2.0,3.0,4.0,3.0,2.0,,,,,,,,2.0,162.0,137.0,0.0,0.0,85.6,down,-85.6,2.0,0.0,Over-Supplied,High School,LOW
Mechanical Engineering,4.0,3.0,5.0,-25.0,7.0,133,False,21.0,True,['Apr'],17.0,2.0,2.0,2.0,2.0,2.0,3.0,4.0,6.0,4.0,2.0,2.0,2.0,3.0,4.0,6.0,,,,,,,1.0,5.0,150.0,126.0,50.0,50.0,84.5,down,-34.5,2.0,1.0,On Track,College,LOW
AP English Literature and Composition,14.0,3.0,17.0,-82.0,80.0,544,False,18.0,False,,18.0,2.0,2.0,2.0,3.0,3.0,3.0,3.0,2.0,2.0,2.0,3.0,3.0,3.0,3.0,,,,,,,,,1.0,205.0,149.0,100.0,100.0,72.1,up,27.9,4.0,4.0,On Track,AP,LOW
Physics 2,3.0,3.0,4.0,-10.0,2.0,111,False,19.0,True,['Apr'],19.0,2.0,2.0,2.0,2.0,3.0,4.0,4.0,2.0,2.0,2.0,2.0,3.0,5.0,3.0,2.0,,,,,,,1.0,1.0,159.0,129.0,100.0,100.0,81.0,up,19.0,1.0,1.0,On Track,College,LOW
College and University Admissions,19.0,2.0,23.0,-89.0,119.0,950,False,14.0,True,['Apr'],14.0,2.0,2.0,2.0,2.0,2.0,2.0,2.0,2.0,2.0,2.0,2.0,2.0,2.0,2.0,2.0,,,,,,,,2.0,306.0,247.0,23.0,23.1,83.3,down,-60.2,13.0,3.0,Over-Supplied,College,LOW
AP Microeconomics,4.0,3.0,5.0,-25.0,7.0,133,False,21.0,True,['Apr'],21.0,2.0,2.0,1.0,2.0,3.0,5.0,6.0,2.0,2.0,1.0,2.0,4.0,6.0,4.0,2.0,,,,,,,,2.0,109.0,86.0,50.0,50.0,80.0,down,-30.0,4.0,2.0,On Track,AP,LOW
C++,2.0,2.0,2.0,0.0,0.0,100,False,14.0,False,,14.0,2.0,2.0,2.0,2.0,2.0,2.0,2.0,2.0,2.0,2.0,2.0,2.0,2.0,2.0,,,,,,,,,2.0,148.0,125.0,0.0,0.0,85.0,down,-85.0,1.0,0.0,Over-Supplied,College,LOW
Pharmacology,8.0,2.0,10.0,-75.0,42.0,400,False,14.0,False,,14.0,2.0,2.0,2.0,2.0,2.0,2.0,2.0,2.0,2.0,2.0,2.0,2.0,2.0,2.0,,,,,,,,,2.0,145.0,111.0,44.0,44.4,78.7,down,-34.2,9.0,4.0,Over-Supplied,College,LOW
French 3,4.0,3.0,5.0,-14.0,4.0,117,False,24.0,False,,24.0,2.0,2.0,2.0,3.0,4.0,5.0,6.0,2.0,2.0,2.0,3.0,5.0,5.0,5.0,,,,,,,,1.0,1.0,149.0,119.0,33.0,33.3,80.8,down,-47.5,3.0,1.0,Over-Supplied,Language,LOW
Math 2,3.0,4.0,4.0,29.0,-6.0,78,True,27.0,True,['Apr'],26.0,2.0,2.0,2.0,2.0,4.0,6.0,8.0,3.0,2.0,2.0,2.0,6.0,6.0,6.0,3.0,,,,,,,,2.0,368.0,308.0,50.0,50.0,83.9,down,-33.9,2.0,1.0,True Supply Problem,High School,LOW
Multivariable Calculus,2.0,3.0,2.0,36.0,-5.0,74,True,19.0,True,['Apr'],19.0,2.0,2.0,2.0,2.0,3.0,4.0,4.0,2.0,2.0,2.0,2.0,3.0,5.0,3.0,2.0,,,,,,,0.0,2.0,149.0,128.0,86.0,,85.9,,,0.0,0.0,True Supply Problem,College,LOW
JavaScript,4.0,2.0,5.0,-50.0,14.0,200,False,14.0,False,,14.0,2.0,2.0,2.0,2.0,2.0,2.0,2.0,2.0,2.0,2.0,2.0,2.0,2.0,2.0,,,,,,,,,2.0,157.0,124.0,50.0,50.0,79.4,down,-29.4,2.0,1.0,On Track,College,LOW
AP Computer Science Principles,4.0,2.0,5.0,-43.0,12.0,175,False,16.0,True,['Apr'],16.0,2.0,2.0,2.0,2.0,2.0,3.0,3.0,2.0,2.0,2.0,2.0,2.0,3.0,3.0,2.0,,,,,,,2.0,3.0,189.0,159.0,50.0,50.0,84.5,down,-34.5,2.0,1.0,On Track,AP,LOW
Corporate Finance,2.0,2.0,2.0,21.0,-3.0,82,True,17.0,False,,17.0,2.0,2.0,2.0,2.0,2.0,3.0,4.0,2.0,2.0,2.0,2.0,3.0,3.0,3.0,,,,,,,,1.0,1.0,73.0,58.0,0.0,0.0,81.7,down,-81.7,2.0,0.0,Under-Used,College,LOW
Vietnamese,1.0,4.0,1.0,257.0,-18.0,28,True,25.0,False,,25.0,2.0,3.0,3.0,3.0,4.0,5.0,5.0,2.0,3.0,3.0,3.0,4.0,6.0,4.0,,,,,,,,0.0,1.0,16.0,15.0,94.0,,93.8,,,0.0,0.0,True Supply Problem,Language,LOW
Cyber Security,7.0,2.0,8.0,-71.0,35.0,350,False,14.0,False,,14.0,2.0,2.0,2.0,2.0,2.0,2.0,2.0,2.0,2.0,2.0,2.0,2.0,2.0,2.0,,,,,,,,,2.0,78.0,51.0,12.0,12.5,71.4,down,-58.9,8.0,1.0,Over-Supplied,College,LOW
BCABA,2.0,2.0,2.0,0.0,0.0,100,False,14.0,False,,14.0,2.0,2.0,2.0,2.0,2.0,2.0,2.0,2.0,2.0,2.0,2.0,2.0,2.0,2.0,,,,,,,,,2.0,14.0,7.0,0.0,0.0,53.8,down,-53.8,1.0,0.0,Over-Supplied,Professional/Cert,LOW
IB Biology,3.0,2.0,4.0,-33.0,7.0,150,False,14.0,False,,14.0,2.0,2.0,2.0,2.0,2.0,2.0,2.0,2.0,2.0,2.0,2.0,2.0,2.0,2.0,,,,,,,,,2.0,138.0,111.0,50.0,50.0,80.9,down,-30.9,2.0,1.0,On Track,IB,LOW
Electrical and Computer Engineering,1.0,2.0,1.0,143.0,-10.0,41,True,17.0,True,['Apr'],17.0,2.0,2.0,2.0,2.0,2.0,3.0,4.0,2.0,2.0,2.0,2.0,3.0,3.0,3.0,2.0,,,,,,,1.0,1.0,69.0,59.0,100.0,100.0,85.3,up,14.7,1.0,1.0,True Supply Problem,College,LOW
Statics and Dynamics,2.0,2.0,2.0,0.0,0.0,100,False,14.0,True,['Apr'],14.0,2.0,2.0,2.0,2.0,2.0,2.0,2.0,2.0,2.0,2.0,2.0,2.0,2.0,2.0,2.0,,,,,,,,2.0,77.0,63.0,82.0,,81.8,,,0.0,0.0,On Track,College,LOW
Applied Mathematics,5.0,2.0,6.0,-54.0,19.0,219,False,16.0,True,['Apr'],16.0,2.0,2.0,2.0,2.0,2.0,3.0,3.0,2.0,2.0,2.0,2.0,2.0,3.0,3.0,2.0,,,,,,,,2.0,285.0,240.0,0.0,0.0,84.8,down,-84.8,2.0,0.0,Over-Supplied,College,LOW
Robotics,1.0,2.0,1.0,129.0,-9.0,44,True,16.0,True,['Apr'],16.0,2.0,2.0,2.0,2.0,2.0,3.0,3.0,2.0,2.0,2.0,2.0,2.0,4.0,2.0,2.0,,,,,,,0.0,1.0,53.0,45.0,85.0,,84.9,,,0.0,0.0,True Supply Problem,Technology,LOW
Fine arts,6.0,2.0,7.0,-67.0,28.0,300,False,14.0,False,,14.0,2.0,2.0,2.0,2.0,2.0,2.0,2.0,2.0,2.0,2.0,2.0,2.0,2.0,2.0,,,,,,,,,2.0,106.0,79.0,100.0,100.0,74.3,up,25.7,1.0,1.0,On Track,Arts & Music,LOW
Business Analytics,3.0,2.0,4.0,-19.0,4.0,124,False,17.0,True,['Apr'],17.0,2.0,2.0,2.0,2.0,3.0,3.0,3.0,2.0,2.0,2.0,2.0,3.0,3.0,3.0,2.0,,,,,,,2.0,3.0,139.0,114.0,33.0,33.3,83.1,down,-49.8,3.0,1.0,Over-Supplied,College,LOW
PTCE,1.0,2.0,1.0,100.0,-7.0,50,True,14.0,False,,14.0,2.0,2.0,2.0,2.0,2.0,2.0,2.0,2.0,2.0,2.0,2.0,2.0,2.0,2.0,,,,,,,,,2.0,9.0,8.0,89.0,,88.9,,,0.0,0.0,True Supply Problem,Professional/Cert,LOW
Filmmaking,2.0,2.0,2.0,7.0,-1.0,93,False,15.0,False,,15.0,2.0,2.0,1.0,2.0,2.0,3.0,3.0,2.0,2.0,1.0,2.0,2.0,4.0,2.0,,,,,,,,2.0,1.0,43.0,31.0,20.0,20.0,78.9,down,-58.9,5.0,1.0,Over-Supplied,Arts & Music,LOW
Mac Basic Computer Skills,5.0,2.0,6.0,-60.0,21.0,250,False,14.0,True,['Apr'],14.0,2.0,1.0,1.0,1.0,2.0,3.0,4.0,2.0,1.0,1.0,1.0,2.0,3.0,4.0,2.0,,,,,,,,2.0,88.0,74.0,20.0,20.0,88.0,down,-68.0,5.0,1.0,Over-Supplied,Technology,LOW
Cost Accounting,2.0,3.0,2.0,57.0,-8.0,64,True,22.0,True,['Apr'],22.0,2.0,2.0,2.0,2.0,3.0,5.0,6.0,2.0,2.0,2.0,2.0,4.0,6.0,4.0,2.0,,,,,,,0.0,1.0,68.0,55.0,81.0,,80.9,,,0.0,0.0,True Supply Problem,College,LOW
PC Basic Computer Skills,5.0,2.0,6.0,-66.0,23.0,292,False,12.0,False,,12.0,2.0,1.0,1.0,1.0,2.0,2.0,3.0,2.0,1.0,1.0,1.0,2.0,2.0,3.0,,,,,,,,,2.0,121.0,101.0,33.0,33.3,84.7,down,-51.4,3.0,1.0,Over-Supplied,Technology,LOW
Technical Writing,24.0,2.0,29.0,-92.0,154.0,1200,False,14.0,False,,14.0,2.0,2.0,2.0,2.0,2.0,2.0,2.0,2.0,2.0,2.0,2.0,2.0,2.0,2.0,,,,,,,,,2.0,295.0,237.0,44.0,44.4,81.5,down,-37.0,9.0,4.0,Over-Supplied,College,LOW
Music Recording,1.0,2.0,1.0,71.0,-5.0,58,True,12.0,False,,12.0,2.0,1.0,1.0,1.0,2.0,2.0,3.0,2.0,1.0,1.0,1.0,2.0,3.0,2.0,,,,,,,,,2.0,45.0,30.0,67.0,,66.7,,,0.0,0.0,True Supply Problem,Arts & Music,LOW
Probability,2.0,2.0,2.0,21.0,-3.0,82,True,17.0,False,,17.0,2.0,2.0,2.0,2.0,2.0,3.0,4.0,2.0,2.0,2.0,2.0,3.0,3.0,3.0,,,,,,,,1.0,1.0,295.0,253.0,0.0,0.0,86.3,down,-86.3,2.0,0.0,Under-Used,College,LOW
Linguistics,2.0,3.0,2.0,29.0,-4.0,78,True,18.0,True,['Apr'],18.0,2.0,2.0,2.0,2.0,2.0,4.0,4.0,2.0,2.0,2.0,2.0,3.0,4.0,3.0,2.0,,,,,,,0.0,1.0,163.0,122.0,75.0,,74.8,,,0.0,0.0,True Supply Problem,College,LOW
Structural Engineering,1.0,2.0,1.0,129.0,-9.0,44,True,16.0,False,,16.0,2.0,2.0,2.0,2.0,2.0,3.0,3.0,2.0,2.0,2.0,2.0,2.0,4.0,2.0,,,,,,,,0.0,1.0,24.0,19.0,0.0,0.0,82.6,down,-82.6,1.0,0.0,Under-Used,College,LOW
Rhino,1.0,1.0,1.0,43.0,-3.0,70,True,10.0,False,,10.0,2.0,1.0,1.0,1.0,1.0,2.0,2.0,2.0,1.0,1.0,1.0,1.0,3.0,1.0,,,,,,,,,1.0,21.0,17.0,67.0,66.7,83.3,down,-16.7,3.0,2.0,True Supply Problem,Technology,LOW
College Level American History,2.0,3.0,2.0,43.0,-6.0,70,True,20.0,False,,20.0,2.0,2.0,2.0,2.0,3.0,4.0,5.0,2.0,2.0,2.0,2.0,4.0,4.0,4.0,,,,,,,,,1.0,89.0,69.0,78.0,,77.5,,,0.0,0.0,True Supply Problem,College,LOW
Clinical Psychology,3.0,2.0,4.0,-24.0,5.0,131,False,16.0,False,,16.0,2.0,2.0,2.0,2.0,2.0,3.0,3.0,2.0,2.0,2.0,2.0,2.0,3.0,3.0,,,,,,,,,1.0,78.0,59.0,76.0,,75.6,,,0.0,0.0,On Track,College,LOW
Conversational Spanish,17.0,10.0,20.0,-42.0,50.0,172,False,69.0,True,['Apr'],47.0,1.0,0.0,2.0,5.0,10.0,14.0,15.0,23.0,5.0,2.0,4.0,9.0,12.0,13.0,23.0,,,,,,,16.0,5.0,523.0,390.0,33.0,33.3,76.6,down,-43.2,24.0,8.0,Over-Supplied,Language,MEDIUM
NCLEX,7.0,0.0,8.0,-98.0,48.0,4900,False,1.0,True,['Apr'],1.0,1.0,0.0,0.0,0.0,0.0,0.0,0.0,1.0,0.0,0.0,0.0,0.0,0.0,0.0,1.0,,,,,,,,2.0,87.0,60.0,80.0,80.0,68.3,up,11.7,5.0,4.0,On Track,Professional/Cert,NICHE
Japanese,1.0,3.0,1.0,171.0,-12.0,37,True,19.0,False,,19.0,1.0,1.0,2.0,2.0,3.0,5.0,5.0,1.0,1.0,3.0,1.0,4.0,5.0,4.0,,,,,,,,1.0,2.0,66.0,45.0,0.0,0.0,70.3,down,-70.3,2.0,0.0,Under-Used,Language,LOW
Orton Gillingham,4.0,0.0,5.0,-96.0,27.0,2800,False,1.0,False,,1.0,1.0,0.0,0.0,0.0,0.0,0.0,0.0,1.0,0.0,0.0,0.0,0.0,0.0,0.0,,,,,,,,,2.0,154.0,118.0,40.0,40.0,77.9,down,-37.9,5.0,2.0,Over-Supplied,Other,NICHE
Middle School Writing,99.0,0.0,119.0,-100.0,690.0,23100,False,3.0,True,['Apr'],1.0,1.0,0.0,0.0,0.0,0.0,0.0,0.0,3.0,0.0,0.0,0.0,0.0,0.0,0.0,3.0,,,,,,,,3.0,1873.0,1324.0,39.0,39.4,73.0,down,-33.6,127.0,50.0,Over-Supplied,Middle School,NICHE
College Physics,9.0,3.0,11.0,-70.0,44.0,332,False,19.0,True,['Apr'],13.0,1.0,1.0,0.0,0.0,2.0,4.0,5.0,7.0,1.0,0.0,0.0,2.0,4.0,5.0,7.0,,,,,,,5.0,1.0,448.0,368.0,80.0,80.0,82.2,flat,-2.2,5.0,4.0,On Track,College,LOW
College Algebra,6.0,2.0,7.0,-64.0,27.0,280,False,15.0,True,['Apr'],15.0,1.0,0.0,0.0,0.0,2.0,5.0,7.0,1.0,0.0,0.0,0.0,4.0,6.0,4.0,1.0,,,,,,,3.0,5.0,617.0,527.0,50.0,50.0,85.8,down,-35.8,6.0,3.0,On Track,College,LOW
PSAT,9.0,1.0,11.0,-89.0,56.0,900,False,7.0,True,['Apr'],7.0,1.0,1.0,1.0,1.0,1.0,1.0,1.0,1.0,1.0,1.0,1.0,1.0,1.0,1.0,1.0,,,,,,,,1.0,608.0,521.0,79.0,78.6,86.0,down,-7.5,28.0,22.0,On Track,Test Prep,NICHE
Financial Accounting,8.0,2.0,10.0,-71.0,40.0,350,False,16.0,True,['Apr'],13.0,1.0,1.0,0.0,0.0,2.0,4.0,5.0,4.0,1.0,0.0,0.0,2.0,4.0,5.0,4.0,,,,,,,4.0,4.0,201.0,159.0,38.0,37.5,80.8,down,-43.3,8.0,3.0,Over-Supplied,College,LOW
Mandarin Chinese 1,2.0,1.0,2.0,-50.0,7.0,200,False,7.0,False,,7.0,1.0,1.0,1.0,1.0,1.0,1.0,1.0,1.0,1.0,1.0,1.0,1.0,1.0,1.0,,,,,,,,,1.0,93.0,67.0,100.0,100.0,71.4,up,28.6,2.0,2.0,On Track,Language,NICHE
Drawing,16.0,1.0,19.0,-94.0,105.0,1600,False,7.0,False,,7.0,1.0,1.0,1.0,1.0,1.0,1.0,1.0,1.0,1.0,1.0,1.0,1.0,1.0,1.0,,,,,,,,,1.0,216.0,142.0,28.0,27.8,69.2,down,-41.4,18.0,5.0,Over-Supplied,Arts & Music,NICHE
SAT Writing and Language,9.0,1.0,11.0,-89.0,56.0,900,False,7.0,True,['Apr'],7.0,1.0,1.0,1.0,1.0,1.0,1.0,1.0,1.0,1.0,1.0,1.0,1.0,1.0,1.0,1.0,,,,,,,10.0,2.0,479.0,405.0,85.0,85.0,84.5,flat,0.5,20.0,17.0,On Track,Test Prep,NICHE
French 1,10.0,1.0,12.0,-90.0,63.0,1000,False,7.0,False,,7.0,1.0,1.0,1.0,1.0,1.0,1.0,1.0,1.0,1.0,1.0,1.0,1.0,1.0,1.0,,,,,,,,,1.0,181.0,127.0,11.0,11.1,73.3,down,-62.1,9.0,1.0,Over-Supplied,Language,NICHE
ARRT - Radiography,1.0,1.0,1.0,0.0,0.0,100,False,7.0,False,,7.0,1.0,1.0,1.0,1.0,1.0,1.0,1.0,1.0,1.0,1.0,1.0,1.0,1.0,1.0,,,,,,,,,1.0,15.0,11.0,0.0,0.0,78.6,down,-78.6,1.0,0.0,Over-Supplied,Professional/Cert,NICHE
NCLEX-RN,5.0,1.0,6.0,-80.0,28.0,500,False,7.0,False,,7.0,1.0,1.0,1.0,1.0,1.0,1.0,1.0,1.0,1.0,1.0,1.0,1.0,1.0,1.0,,,,,,,,4.0,1.0,78.0,52.0,60.0,60.0,67.1,down,-7.1,5.0,3.0,On Track,Professional/Cert,NICHE
Conversational German,2.0,3.0,2.0,50.0,-7.0,67,True,21.0,False,,21.0,1.0,1.0,2.0,3.0,4.0,5.0,5.0,1.0,2.0,2.0,2.0,4.0,6.0,4.0,,,,,,,,0.0,2.0,53.0,37.0,70.0,,69.8,,,0.0,0.0,True Supply Problem,Language,LOW
NPTE,2.0,1.0,2.0,-50.0,7.0,200,False,7.0,False,,7.0,1.0,1.0,1.0,1.0,1.0,1.0,1.0,1.0,1.0,1.0,1.0,1.0,1.0,1.0,,,,,,,,2.0,1.0,15.0,12.0,50.0,50.0,84.6,down,-34.6,2.0,1.0,On Track,Professional/Cert,NICHE
Java,10.0,1.0,12.0,-89.0,62.0,875,False,8.0,True,['Apr'],8.0,1.0,1.0,1.0,1.0,1.0,1.0,2.0,1.0,1.0,1.0,1.0,1.0,1.0,2.0,1.0,,,,,,,,1.0,284.0,236.0,50.0,50.0,84.3,down,-34.3,10.0,5.0,On Track,College,NICHE
Basic Computer Literacy,18.0,3.0,22.0,-83.0,104.0,573,False,22.0,True,['Apr'],13.0,1.0,0.0,0.0,0.0,1.0,5.0,6.0,10.0,0.0,0.0,0.0,1.0,5.0,6.0,10.0,,,,,,,,3.0,315.0,241.0,9.0,9.1,78.9,down,-69.9,11.0,1.0,Over-Supplied,Technology,LOW
Organic Chemistry 2,3.0,1.0,4.0,-62.0,13.0,262,False,8.0,True,['Apr'],7.0,1.0,1.0,1.0,1.0,1.0,1.0,1.0,2.0,1.0,1.0,1.0,1.0,1.0,1.0,2.0,,,,,,,0.0,1.0,187.0,155.0,83.0,,82.9,,,0.0,0.0,On Track,College,NICHE
Computer Programming,15.0,1.0,18.0,-93.0,98.0,1500,False,7.0,False,,7.0,1.0,1.0,1.0,1.0,1.0,1.0,1.0,1.0,1.0,1.0,1.0,1.0,1.0,1.0,,,,,,,,,1.0,421.0,325.0,36.0,36.4,79.4,down,-43.1,22.0,8.0,Over-Supplied,College,NICHE
Creative Writing,81.0,1.0,97.0,-99.0,560.0,8100,False,7.0,False,,7.0,1.0,1.0,1.0,1.0,1.0,1.0,1.0,1.0,1.0,1.0,1.0,1.0,1.0,1.0,,,,,,,,,1.0,991.0,709.0,35.0,34.8,73.3,down,-38.6,46.0,16.0,Over-Supplied,College,NICHE
College Computer Science,11.0,2.0,13.0,-86.0,66.0,700,False,11.0,True,['Apr'],7.0,1.0,1.0,1.0,1.0,1.0,1.0,1.0,5.0,1.0,1.0,1.0,1.0,1.0,1.0,5.0,,,,,,,6.0,6.0,279.0,215.0,38.0,37.5,78.2,down,-40.7,8.0,3.0,Over-Supplied,College,LOW
Electrical Engineering,2.0,1.0,2.0,-50.0,7.0,200,False,7.0,True,['Apr'],7.0,1.0,1.0,1.0,1.0,1.0,1.0,1.0,1.0,1.0,1.0,1.0,1.0,1.0,1.0,1.0,,,,,,,,2.0,72.0,63.0,100.0,100.0,87.0,up,13.0,3.0,3.0,On Track,College,NICHE
Portuguese,1.0,1.0,1.0,29.0,-2.0,78,True,9.0,False,,9.0,1.0,1.0,1.0,1.0,1.0,2.0,2.0,1.0,1.0,1.0,1.0,1.0,3.0,1.0,,,,,,,,1.0,1.0,49.0,34.0,0.0,0.0,72.3,down,-72.3,2.0,0.0,Under-Used,Language,NICHE
General Chemistry 2,4.0,1.0,5.0,-68.0,19.0,311,False,9.0,True,['Apr'],9.0,1.0,1.0,1.0,1.0,1.0,2.0,2.0,1.0,1.0,1.0,1.0,1.0,2.0,2.0,1.0,,,,,,,0.0,2.0,273.0,226.0,0.0,0.0,83.4,down,-83.4,2.0,0.0,Over-Supplied,College,NICHE
Differential Equations,5.0,2.0,6.0,-69.0,24.0,318,False,11.0,True,['Apr'],11.0,1.0,1.0,1.0,1.0,2.0,2.0,3.0,1.0,1.0,1.0,1.0,2.0,2.0,3.0,1.0,,,,,,,1.0,2.0,194.0,161.0,100.0,100.0,82.9,up,17.1,1.0,1.0,On Track,College,LOW
Spanish 4,12.0,1.0,14.0,-92.0,77.0,1200,False,7.0,False,,7.0,1.0,1.0,1.0,1.0,1.0,1.0,1.0,1.0,1.0,1.0,1.0,1.0,1.0,1.0,,,,,,,,1.0,1.0,503.0,395.0,25.0,25.0,79.0,down,-54.0,4.0,1.0,Over-Supplied,Language,NICHE
OTR,2.0,1.0,2.0,-50.0,7.0,200,False,7.0,False,,7.0,1.0,1.0,1.0,1.0,1.0,1.0,1.0,1.0,1.0,1.0,1.0,1.0,1.0,1.0,,,,,,,,,1.0,12.0,6.0,0.0,0.0,54.5,down,-54.5,1.0,0.0,Over-Supplied,Professional/Cert,NICHE
High School Level American History,11.0,1.0,13.0,-91.0,70.0,1100,False,7.0,False,,7.0,1.0,1.0,1.0,1.0,1.0,1.0,1.0,1.0,1.0,1.0,1.0,1.0,1.0,1.0,,,,,,,,,1.0,326.0,235.0,39.0,38.9,74.0,down,-35.1,18.0,7.0,Over-Supplied,High School,NICHE
American Sign Language,2.0,1.0,2.0,-50.0,7.0,200,False,7.0,True,['Apr'],7.0,1.0,1.0,1.0,1.0,1.0,1.0,1.0,1.0,1.0,1.0,1.0,1.0,1.0,1.0,1.0,,,,,,,2.0,1.0,49.0,34.0,20.0,20.0,75.0,down,-55.0,5.0,1.0,Over-Supplied,Language,NICHE
Grade 11 Physics,3.0,1.0,4.0,-67.0,14.0,300,False,7.0,False,,7.0,1.0,1.0,1.0,1.0,1.0,1.0,1.0,1.0,1.0,1.0,1.0,1.0,1.0,1.0,,,,,,,,,1.0,207.0,167.0,81.0,,80.7,,,0.0,0.0,On Track,High School,NICHE
Latin 1,2.0,1.0,2.0,-57.0,8.0,233,False,6.0,False,,6.0,1.0,0.0,0.0,0.0,1.0,2.0,2.0,1.0,0.0,0.0,0.0,1.0,2.0,2.0,,,,,,,,1.0,1.0,53.0,40.0,33.0,33.3,78.0,down,-44.7,3.0,1.0,Over-Supplied,Language,NICHE
CPA FAR,2.0,1.0,2.0,-50.0,7.0,200,False,7.0,False,,7.0,1.0,1.0,1.0,1.0,1.0,1.0,1.0,1.0,1.0,1.0,1.0,1.0,1.0,1.0,,,,,,,,,1.0,43.0,38.0,88.0,,88.4,,,0.0,0.0,On Track,Professional/Cert,NICHE
ACT Reading,5.0,2.0,6.0,-66.0,23.0,292,False,12.0,True,['Apr'],12.0,1.0,1.0,2.0,2.0,2.0,2.0,2.0,1.0,1.0,2.0,2.0,2.0,2.0,2.0,1.0,,,,,,,4.0,3.0,343.0,296.0,86.0,85.7,86.3,flat,-0.6,7.0,6.0,On Track,Test Prep,LOW
Math 3,2.0,1.0,2.0,-50.0,7.0,200,False,7.0,True,['Apr'],7.0,1.0,1.0,1.0,1.0,1.0,1.0,1.0,1.0,1.0,1.0,1.0,1.0,1.0,1.0,1.0,,,,,,,0.0,1.0,345.0,283.0,82.0,,82.0,,,0.0,0.0,On Track,High School,NICHE
CogAT,1.0,2.0,1.0,57.0,-4.0,64,True,11.0,True,['Apr'],11.0,1.0,1.0,1.0,2.0,2.0,2.0,2.0,1.0,1.0,2.0,1.0,2.0,2.0,2.0,1.0,,,,,,,0.0,1.0,128.0,101.0,79.0,,78.9,,,0.0,0.0,True Supply Problem,Test Prep,LOW
Middle School Social Studies,33.0,0.0,40.0,-100.0,230.0,23100,False,1.0,False,,1.0,1.0,0.0,0.0,0.0,0.0,0.0,0.0,1.0,0.0,0.0,0.0,0.0,0.0,0.0,,,,,,,,,4.0,877.0,663.0,43.0,43.2,77.3,down,-34.1,44.0,19.0,Over-Supplied,Middle School,NICHE
ACT English,4.0,3.0,5.0,-36.0,10.0,156,False,18.0,True,['Apr'],17.0,1.0,1.0,2.0,2.0,3.0,4.0,4.0,2.0,1.0,2.0,2.0,3.0,4.0,4.0,2.0,,,,,,,2.0,2.0,412.0,351.0,56.0,55.6,85.9,down,-30.3,9.0,5.0,On Track,Test Prep,LOW
VTNE,1.0,1.0,1.0,0.0,0.0,100,False,7.0,False,,7.0,1.0,1.0,1.0,1.0,1.0,1.0,1.0,1.0,1.0,1.0,1.0,1.0,1.0,1.0,,,,,,,,,1.0,5.0,5.0,100.0,,100.0,,,0.0,0.0,On Track,Professional/Cert,NICHE
French Immersion,1.0,1.0,1.0,0.0,0.0,100,False,7.0,False,,7.0,1.0,1.0,1.0,1.0,1.0,1.0,1.0,1.0,1.0,1.0,1.0,1.0,1.0,1.0,,,,,,,,,1.0,51.0,35.0,0.0,0.0,70.0,down,-70.0,1.0,0.0,Over-Supplied,Language,NICHE
Guitar,4.0,1.0,5.0,-75.0,21.0,400,False,7.0,True,['Apr'],7.0,1.0,1.0,1.0,1.0,1.0,1.0,1.0,1.0,1.0,1.0,1.0,1.0,1.0,1.0,1.0,,,,,,,,1.0,97.0,76.0,0.0,0.0,80.0,down,-80.0,2.0,0.0,Over-Supplied,Arts & Music,NICHE
AP Psychology,10.0,1.0,12.0,-90.0,63.0,1000,False,7.0,False,,7.0,1.0,1.0,1.0,1.0,1.0,1.0,1.0,1.0,1.0,1.0,1.0,1.0,1.0,1.0,,,,,,,,,1.0,200.0,157.0,44.0,44.4,80.1,down,-35.7,9.0,4.0,Over-Supplied,AP,NICHE
NCLEX-PN,1.0,1.0,1.0,0.0,0.0,100,False,7.0,False,,7.0,1.0,1.0,1.0,1.0,1.0,1.0,1.0,1.0,1.0,1.0,1.0,1.0,1.0,1.0,,,,,,,,,1.0,28.0,19.0,50.0,50.0,69.2,down,-19.2,2.0,1.0,On Track,Professional/Cert,NICHE
Earth Science,16.0,1.0,19.0,-94.0,105.0,1600,False,7.0,False,,7.0,1.0,1.0,1.0,1.0,1.0,1.0,1.0,1.0,1.0,1.0,1.0,1.0,1.0,1.0,,,,,,,,,1.0,293.0,207.0,22.0,22.2,72.2,down,-50.0,9.0,2.0,Over-Supplied,High School,NICHE
Mandarin Chinese 2,2.0,1.0,2.0,-50.0,7.0,200,False,7.0,False,,7.0,1.0,1.0,1.0,1.0,1.0,1.0,1.0,1.0,1.0,1.0,1.0,1.0,1.0,1.0,,,,,,,,,1.0,79.0,52.0,33.0,33.3,67.1,down,-33.8,3.0,1.0,Over-Supplied,Language,NICHE
Microbiology,7.0,1.0,8.0,-86.0,42.0,700,False,7.0,False,,7.0,1.0,1.0,1.0,1.0,1.0,1.0,1.0,1.0,1.0,1.0,1.0,1.0,1.0,1.0,,,,,,,,1.0,1.0,290.0,239.0,75.0,75.0,82.5,down,-7.5,4.0,3.0,On Track,College,NICHE
Chemistry 2,3.0,2.0,4.0,-43.0,9.0,175,False,12.0,False,,12.0,1.0,1.0,1.0,1.0,2.0,3.0,3.0,1.0,1.0,1.0,1.0,2.0,3.0,3.0,,,,,,,,0.0,1.0,240.0,198.0,0.0,0.0,83.2,down,-83.2,2.0,0.0,Over-Supplied,College,LOW
COTA,1.0,1.0,1.0,0.0,0.0,100,False,7.0,False,,7.0,1.0,1.0,1.0,1.0,1.0,1.0,1.0,1.0,1.0,1.0,1.0,1.0,1.0,1.0,,,,,,,,,1.0,5.0,3.0,60.0,,60.0,,,0.0,0.0,On Track,Other,NICHE
CPA AUD,1.0,1.0,1.0,0.0,0.0,100,False,7.0,False,,7.0,1.0,1.0,1.0,1.0,1.0,1.0,1.0,1.0,1.0,1.0,1.0,1.0,1.0,1.0,,,,,,,,,1.0,38.0,36.0,95.0,,94.7,,,0.0,0.0,On Track,Professional/Cert,NICHE
Functions,2.0,1.0,2.0,-50.0,7.0,200,False,7.0,False,,7.0,1.0,1.0,1.0,1.0,1.0,1.0,1.0,1.0,1.0,1.0,1.0,1.0,1.0,1.0,,,,,,,,,1.0,153.0,138.0,0.0,0.0,90.8,down,-90.8,1.0,0.0,Over-Supplied,High School,NICHE
CFA - Level 1,1.0,1.0,1.0,0.0,0.0,100,False,7.0,False,,7.0,1.0,1.0,1.0,1.0,1.0,1.0,1.0,1.0,1.0,1.0,1.0,1.0,1.0,1.0,,,,,,,,,1.0,17.0,15.0,88.0,,88.2,,,0.0,0.0,On Track,Professional/Cert,NICHE
CompTIA Security+,1.0,1.0,1.0,0.0,0.0,100,False,7.0,False,,7.0,1.0,1.0,1.0,1.0,1.0,1.0,1.0,1.0,1.0,1.0,1.0,1.0,1.0,1.0,,,,,,,,,1.0,27.0,16.0,0.0,0.0,61.5,down,-61.5,1.0,0.0,Over-Supplied,Professional/Cert,NICHE
Thermodynamics,3.0,1.0,4.0,-67.0,14.0,300,False,7.0,True,['Apr'],7.0,1.0,1.0,1.0,1.0,1.0,1.0,1.0,1.0,1.0,1.0,1.0,1.0,1.0,1.0,1.0,,,,,,,0.0,1.0,128.0,111.0,87.0,,86.7,,,0.0,0.0,On Track,College,NICHE
FAA,1.0,1.0,1.0,0.0,0.0,100,False,7.0,False,,7.0,1.0,1.0,1.0,1.0,1.0,1.0,1.0,1.0,1.0,1.0,1.0,1.0,1.0,1.0,,,,,,,,,1.0,14.0,8.0,57.0,,57.1,,,0.0,0.0,On Track,Other,NICHE
Music Theory,10.0,1.0,12.0,-90.0,63.0,1000,False,7.0,False,,7.0,1.0,1.0,1.0,1.0,1.0,1.0,1.0,1.0,1.0,1.0,1.0,1.0,1.0,1.0,,,,,,,,,1.0,197.0,128.0,0.0,0.0,67.0,down,-67.0,6.0,0.0,Over-Supplied,Arts & Music,NICHE
Business Statistics,2.0,1.0,2.0,-50.0,7.0,200,False,7.0,True,['Apr'],7.0,1.0,1.0,1.0,1.0,1.0,1.0,1.0,1.0,1.0,1.0,1.0,1.0,1.0,1.0,1.0,,,,,,,,1.0,142.0,120.0,50.0,50.0,85.5,down,-35.5,4.0,2.0,On Track,College,NICHE
Physical Chemistry,2.0,2.0,2.0,-21.0,3.0,127,False,11.0,True,['Apr'],11.0,1.0,1.0,1.0,1.0,2.0,2.0,3.0,1.0,1.0,1.0,1.0,2.0,3.0,2.0,1.0,,,,,,,0.0,1.0,81.0,70.0,86.0,,86.4,,,0.0,0.0,On Track,College,LOW
Math 1,5.0,1.0,6.0,-71.0,25.0,350,False,10.0,True,['Apr'],10.0,1.0,1.0,1.0,1.0,1.0,2.0,3.0,1.0,1.0,1.0,1.0,1.0,2.0,3.0,1.0,,,,,,,,1.0,484.0,407.0,67.0,66.7,84.2,down,-17.5,3.0,2.0,On Track,High School,LOW
Elementary Social Studies,48.0,1.0,58.0,-98.0,329.0,4800,False,7.0,True,['Apr'],7.0,1.0,1.0,1.0,1.0,1.0,1.0,1.0,1.0,1.0,1.0,1.0,1.0,1.0,1.0,1.0,,,,,,,,1.0,1198.0,915.0,45.0,45.2,77.5,down,-32.3,42.0,19.0,Over-Supplied,Elementary,NICHE
Statistics Graduate Level,2.0,2.0,2.0,-14.0,2.0,117,False,12.0,True,['Apr'],12.0,1.0,1.0,1.0,1.0,2.0,3.0,3.0,1.0,1.0,1.0,1.0,2.0,4.0,2.0,1.0,,,,,,,2.0,1.0,122.0,104.0,33.0,33.3,86.6,down,-53.2,3.0,1.0,Over-Supplied,College,LOW
COMLEX,1.0,1.0,1.0,0.0,0.0,100,False,7.0,False,,7.0,1.0,1.0,1.0,1.0,1.0,1.0,1.0,1.0,1.0,1.0,1.0,1.0,1.0,1.0,,,,,,,,,1.0,15.0,12.0,80.0,,80.0,,,0.0,0.0,On Track,Test Prep,NICHE
IB Physics,1.0,1.0,1.0,0.0,0.0,100,False,7.0,True,['Apr'],7.0,1.0,1.0,1.0,1.0,1.0,1.0,1.0,1.0,1.0,1.0,1.0,1.0,1.0,1.0,1.0,,,,,,,,1.0,95.0,78.0,82.0,,82.1,,,0.0,0.0,On Track,IB,NICHE
AP European History,4.0,1.0,5.0,-64.0,18.0,280,False,10.0,True,['Apr'],10.0,1.0,1.0,1.0,1.0,1.0,2.0,3.0,1.0,1.0,1.0,1.0,1.0,2.0,3.0,1.0,,,,,,,,1.0,99.0,82.0,100.0,100.0,82.7,up,17.3,1.0,1.0,On Track,AP,LOW
AP Physics 2,3.0,1.0,4.0,-67.0,14.0,300,False,7.0,True,['Apr'],7.0,1.0,1.0,1.0,1.0,1.0,1.0,1.0,1.0,1.0,1.0,1.0,1.0,1.0,1.0,1.0,,,,,,,,1.0,228.0,200.0,88.0,,87.7,,,0.0,0.0,On Track,AP,NICHE
PRAXIS Speech Language Pathology,1.0,1.0,1.0,0.0,0.0,100,False,7.0,False,,7.0,1.0,1.0,1.0,1.0,1.0,1.0,1.0,1.0,1.0,1.0,1.0,1.0,1.0,1.0,,,,,,,,,1.0,9.0,7.0,78.0,,77.8,,,0.0,0.0,On Track,Professional/Cert,NICHE
Hindi,1.0,1.0,1.0,0.0,0.0,100,False,7.0,False,,7.0,1.0,1.0,1.0,1.0,1.0,1.0,1.0,1.0,1.0,1.0,1.0,1.0,1.0,1.0,,,,,,,,,1.0,81.0,65.0,80.0,,80.2,,,0.0,0.0,On Track,Other,NICHE
Genetics,5.0,1.0,6.0,-80.0,28.0,500,False,7.0,True,['Apr'],7.0,1.0,1.0,1.0,1.0,1.0,1.0,1.0,1.0,1.0,1.0,1.0,1.0,1.0,1.0,1.0,,,,,,,3.0,1.0,99.0,83.0,60.0,60.0,85.1,down,-25.1,5.0,3.0,On Track,College,NICHE
SSAT- Upper Level,7.0,1.0,8.0,-86.0,42.0,700,False,7.0,True,['Apr'],7.0,1.0,1.0,1.0,1.0,1.0,1.0,1.0,1.0,1.0,1.0,1.0,1.0,1.0,1.0,1.0,,,,,,,12.0,2.0,152.0,126.0,75.0,75.0,84.4,down,-9.4,24.0,18.0,On Track,Test Prep,NICHE
German 1,2.0,1.0,2.0,-50.0,7.0,200,False,7.0,False,,7.0,1.0,1.0,1.0,1.0,1.0,1.0,1.0,1.0,1.0,1.0,1.0,1.0,1.0,1.0,,,,,,,,,1.0,64.0,48.0,75.0,,75.0,,,0.0,0.0,On Track,Language,NICHE
ISEE- Middle Level,6.0,1.0,7.0,-83.0,35.0,600,False,7.0,False,,7.0,1.0,1.0,1.0,1.0,1.0,1.0,1.0,1.0,1.0,1.0,1.0,1.0,1.0,1.0,,,,,,,,,1.0,146.0,120.0,71.0,71.4,84.0,down,-12.6,21.0,15.0,On Track,Test Prep,NICHE
PANCE,1.0,1.0,1.0,0.0,0.0,100,False,7.0,False,,7.0,1.0,1.0,1.0,1.0,1.0,1.0,1.0,1.0,1.0,1.0,1.0,1.0,1.0,1.0,,,,,,,,,1.0,9.0,7.0,0.0,0.0,87.5,down,-87.5,1.0,0.0,Over-Supplied,Test Prep,NICHE
Environmental Science,4.0,1.0,5.0,-75.0,21.0,400,False,7.0,False,,7.0,1.0,1.0,1.0,1.0,1.0,1.0,1.0,1.0,1.0,1.0,1.0,1.0,1.0,1.0,,,,,,,,,1.0,165.0,139.0,50.0,50.0,84.7,down,-34.7,2.0,1.0,On Track,Other,NICHE
Blender,1.0,1.0,1.0,0.0,0.0,100,False,7.0,True,['Apr'],7.0,1.0,1.0,1.0,1.0,1.0,1.0,1.0,1.0,1.0,1.0,1.0,1.0,1.0,1.0,1.0,,,,,,,,1.0,21.0,16.0,76.0,,76.2,,,0.0,0.0,On Track,Other,NICHE
Polish,1.0,1.0,1.0,0.0,0.0,100,False,7.0,False,,7.0,1.0,1.0,1.0,1.0,1.0,1.0,1.0,1.0,1.0,1.0,1.0,1.0,1.0,1.0,,,,,,,,,1.0,9.0,7.0,78.0,,77.8,,,0.0,0.0,On Track,Language,NICHE
PMP,1.0,1.0,1.0,0.0,0.0,100,False,7.0,False,,7.0,1.0,1.0,1.0,1.0,1.0,1.0,1.0,1.0,1.0,1.0,1.0,1.0,1.0,1.0,,,,,,,,,1.0,32.0,20.0,62.0,,62.5,,,0.0,0.0,On Track,Professional/Cert,NICHE
ARDMS - Sonography Principals and Instruments (SPI),1.0,1.0,1.0,0.0,0.0,100,False,7.0,False,,7.0,1.0,1.0,1.0,1.0,1.0,1.0,1.0,1.0,1.0,1.0,1.0,1.0,1.0,1.0,,,,,,,,,1.0,10.0,8.0,80.0,,80.0,,,0.0,0.0,On Track,Professional/Cert,NICHE
Data Analysis,4.0,1.0,5.0,-75.0,21.0,400,False,7.0,True,['Apr'],7.0,1.0,1.0,1.0,1.0,1.0,1.0,1.0,1.0,1.0,1.0,1.0,1.0,1.0,1.0,1.0,,,,,,,,1.0,132.0,117.0,50.0,50.0,89.2,down,-39.2,2.0,1.0,On Track,College,NICHE
Computer Game Design,1.0,1.0,1.0,0.0,0.0,100,False,7.0,False,,7.0,1.0,1.0,1.0,1.0,1.0,1.0,1.0,1.0,1.0,1.0,1.0,1.0,1.0,1.0,,,,,,,,,1.0,48.0,40.0,83.0,,83.3,,,0.0,0.0,On Track,Technology,NICHE
Discrete Math,3.0,1.0,4.0,-67.0,14.0,300,False,7.0,True,['Apr'],7.0,1.0,1.0,1.0,1.0,1.0,1.0,1.0,1.0,1.0,1.0,1.0,1.0,1.0,1.0,1.0,,,,,,,,1.0,205.0,174.0,0.0,0.0,85.3,down,-85.3,1.0,0.0,Over-Supplied,College,NICHE
Physical Science,3.0,1.0,4.0,-52.0,11.0,210,False,10.0,True,['Apr'],10.0,1.0,1.0,1.0,1.0,1.0,2.0,3.0,1.0,1.0,1.0,1.0,1.0,2.0,3.0,1.0,,,,,,,0.0,1.0,238.0,201.0,100.0,100.0,84.4,up,15.6,1.0,1.0,On Track,High School,LOW
Data Structures,3.0,1.0,4.0,-67.0,14.0,300,False,7.0,False,,7.0,1.0,1.0,1.0,1.0,1.0,1.0,1.0,1.0,1.0,1.0,1.0,1.0,1.0,1.0,,,,,,,,,1.0,144.0,119.0,0.0,0.0,83.2,down,-83.2,1.0,0.0,Over-Supplied,College,NICHE
Marketing,10.0,1.0,12.0,-90.0,63.0,1000,False,7.0,False,,7.0,1.0,1.0,1.0,1.0,1.0,1.0,1.0,1.0,1.0,1.0,1.0,1.0,1.0,1.0,,,,,,,,6.0,3.0,140.0,115.0,43.0,42.9,84.2,down,-41.4,7.0,3.0,Over-Supplied,College,NICHE
Latin 2,2.0,1.0,2.0,-43.0,6.0,175,False,8.0,False,,8.0,1.0,1.0,1.0,1.0,1.0,1.0,2.0,1.0,1.0,1.0,1.0,1.0,1.0,2.0,,,,,,,,,1.0,47.0,34.0,67.0,66.7,72.7,down,-6.1,3.0,2.0,On Track,Language,NICHE
Pathophysiology,7.0,1.0,8.0,-86.0,42.0,700,False,7.0,True,['Apr'],7.0,1.0,1.0,1.0,1.0,1.0,1.0,1.0,1.0,1.0,1.0,1.0,1.0,1.0,1.0,1.0,,,,,,,,1.0,109.0,85.0,29.0,28.6,81.4,down,-52.8,7.0,2.0,Over-Supplied,College,NICHE
FE - Mechanical Engineering,1.0,1.0,1.0,0.0,0.0,100,False,7.0,False,,7.0,1.0,1.0,1.0,1.0,1.0,1.0,1.0,1.0,1.0,1.0,1.0,1.0,1.0,1.0,,,,,,,,,1.0,8.0,4.0,50.0,,50.0,,,0.0,0.0,On Track,Other,NICHE
Cell Biology,10.0,1.0,12.0,-90.0,63.0,1000,False,7.0,False,,7.0,1.0,1.0,1.0,1.0,1.0,1.0,1.0,1.0,1.0,1.0,1.0,1.0,1.0,1.0,,,,,,,,,1.0,421.0,345.0,43.0,42.9,82.6,down,-39.8,7.0,3.0,Over-Supplied,College,NICHE
Grade 12 Physics,2.0,1.0,2.0,-50.0,7.0,200,False,7.0,False,,7.0,1.0,1.0,1.0,1.0,1.0,1.0,1.0,1.0,1.0,1.0,1.0,1.0,1.0,1.0,,,,,,,,,1.0,175.0,145.0,83.0,,82.9,,,0.0,0.0,On Track,High School,NICHE
GED Math,5.0,1.0,6.0,-89.0,31.0,875,False,4.0,False,,4.0,1.0,0.0,0.0,0.0,1.0,1.0,1.0,1.0,0.0,0.0,0.0,1.0,1.0,1.0,,,,,,,,,1.0,395.0,327.0,75.0,75.0,83.0,down,-8.0,12.0,9.0,On Track,Test Prep,NICHE
PRAXIS Core Math,1.0,1.0,1.0,0.0,0.0,100,False,7.0,False,,7.0,1.0,1.0,1.0,1.0,1.0,1.0,1.0,1.0,1.0,1.0,1.0,1.0,1.0,1.0,,,,,,,,,1.0,53.0,45.0,0.0,0.0,86.5,down,-86.5,1.0,0.0,Over-Supplied,Professional/Cert,NICHE
Ukrainian,1.0,2.0,1.0,71.0,-5.0,58,True,12.0,False,,12.0,1.0,1.0,2.0,2.0,2.0,2.0,2.0,1.0,1.0,3.0,1.0,2.0,2.0,2.0,,,,,,,,,1.0,10.0,9.0,90.0,,90.0,,,0.0,0.0,True Supply Problem,Language,LOW
Autodesk Revit,1.0,1.0,1.0,0.0,0.0,100,False,7.0,False,,7.0,1.0,1.0,1.0,1.0,1.0,1.0,1.0,1.0,1.0,1.0,1.0,1.0,1.0,1.0,,,,,,,,,1.0,36.0,29.0,100.0,100.0,79.4,up,20.6,2.0,2.0,On Track,Technology,NICHE
High School Computer Science,9.0,1.0,11.0,-89.0,56.0,900,False,7.0,True,['Apr'],7.0,1.0,1.0,1.0,1.0,1.0,1.0,1.0,1.0,1.0,1.0,1.0,1.0,1.0,1.0,1.0,,,,,,,,1.0,261.0,211.0,38.0,37.5,82.2,down,-44.7,8.0,3.0,Over-Supplied,High School,NICHE
ISEE- Upper Level,5.0,1.0,6.0,-80.0,28.0,500,False,7.0,False,,7.0,1.0,1.0,1.0,1.0,1.0,1.0,1.0,1.0,1.0,1.0,1.0,1.0,1.0,1.0,,,,,,,,,1.0,131.0,107.0,74.0,73.7,83.0,down,-9.4,19.0,14.0,On Track,Test Prep,NICHE
Social Work,5.0,1.0,6.0,-80.0,28.0,500,False,7.0,True,['Apr'],7.0,1.0,1.0,1.0,1.0,1.0,1.0,1.0,1.0,1.0,1.0,1.0,1.0,1.0,1.0,1.0,,,,,,,6.0,2.0,102.0,79.0,14.0,14.3,82.1,down,-67.8,7.0,1.0,Over-Supplied,College,NICHE
College Business,11.0,1.0,13.0,-91.0,70.0,1100,False,7.0,False,,7.0,1.0,1.0,1.0,1.0,1.0,1.0,1.0,1.0,1.0,1.0,1.0,1.0,1.0,1.0,,,,,,,,,1.0,215.0,173.0,56.0,55.6,81.6,down,-26.0,9.0,5.0,On Track,College,NICHE
Machine Learning,5.0,1.0,6.0,-80.0,28.0,500,False,7.0,True,['Apr'],7.0,1.0,1.0,1.0,1.0,1.0,1.0,1.0,1.0,1.0,1.0,1.0,1.0,1.0,1.0,1.0,,,,,,,,1.0,87.0,75.0,50.0,50.0,88.0,down,-38.0,4.0,2.0,On Track,College,NICHE
AP Physics C: Electricity and Magnetism,1.0,1.0,1.0,0.0,0.0,100,False,7.0,False,,7.0,1.0,1.0,1.0,1.0,1.0,1.0,1.0,1.0,1.0,1.0,1.0,1.0,1.0,1.0,,,,,,,,,1.0,109.0,95.0,87.0,,87.2,,,0.0,0.0,On Track,AP,NICHE
Philosophy,4.0,1.0,5.0,-75.0,21.0,400,False,7.0,False,,7.0,1.0,1.0,1.0,1.0,1.0,1.0,1.0,1.0,1.0,1.0,1.0,1.0,1.0,1.0,,,,,,,,,1.0,110.0,79.0,20.0,20.0,74.3,down,-54.3,5.0,1.0,Over-Supplied,College,NICHE
Singing,1.0,1.0,1.0,0.0,0.0,100,False,7.0,False,,7.0,1.0,1.0,1.0,1.0,1.0,1.0,1.0,1.0,1.0,1.0,1.0,1.0,1.0,1.0,,,,,,,,,1.0,87.0,69.0,79.0,,79.3,,,0.0,0.0,On Track,Arts & Music,NICHE
GRE Quantitative,1.0,1.0,1.0,0.0,0.0,100,False,7.0,False,,7.0,1.0,1.0,1.0,1.0,1.0,1.0,1.0,1.0,1.0,1.0,1.0,1.0,1.0,1.0,,,,,,,,,1.0,135.0,120.0,89.0,,88.9,,,0.0,0.0,On Track,Test Prep,NICHE
HESI,1.0,1.0,1.0,0.0,0.0,100,False,7.0,False,,7.0,1.0,1.0,1.0,1.0,1.0,1.0,1.0,1.0,1.0,1.0,1.0,1.0,1.0,1.0,,,,,,,,,1.0,24.0,20.0,83.0,,83.3,,,0.0,0.0,On Track,Other,NICHE
CPA REG,1.0,1.0,1.0,0.0,0.0,100,False,7.0,False,,7.0,1.0,1.0,1.0,1.0,1.0,1.0,1.0,1.0,1.0,1.0,1.0,1.0,1.0,1.0,,,,,,,,,1.0,33.0,30.0,91.0,,90.9,,,0.0,0.0,On Track,Professional/Cert,NICHE
Video Game Design,2.0,2.0,2.0,-21.0,3.0,127,False,11.0,False,,11.0,1.0,1.0,1.0,2.0,2.0,2.0,2.0,1.0,1.0,1.0,2.0,2.0,2.0,2.0,,,,,,,,,1.0,41.0,33.0,80.0,,80.5,,,0.0,0.0,On Track,Technology,LOW
High School Economics,6.0,2.0,7.0,-67.0,28.0,300,False,14.0,False,,14.0,1.0,1.0,2.0,2.0,3.0,3.0,2.0,1.0,1.0,2.0,2.0,3.0,3.0,2.0,,,,,,,,,1.0,276.0,220.0,57.0,57.1,80.3,down,-23.2,7.0,4.0,On Track,High School,LOW
SQL,6.0,1.0,7.0,-83.0,35.0,600,False,7.0,False,,7.0,1.0,1.0,1.0,1.0,1.0,1.0,1.0,1.0,1.0,1.0,1.0,1.0,1.0,1.0,,,,,,,,,1.0,177.0,142.0,56.0,55.6,81.5,down,-26.0,9.0,5.0,On Track,College,NICHE
MAP,1.0,1.0,1.0,0.0,0.0,100,False,7.0,False,,7.0,1.0,1.0,1.0,1.0,1.0,1.0,1.0,1.0,1.0,1.0,1.0,1.0,1.0,1.0,,,,,,,,,1.0,24.0,18.0,75.0,,75.0,,,0.0,0.0,On Track,Test Prep,NICHE
Graphic Design,11.0,1.0,13.0,-91.0,70.0,1100,False,7.0,True,['Apr'],7.0,1.0,1.0,1.0,1.0,1.0,1.0,1.0,1.0,1.0,1.0,1.0,1.0,1.0,1.0,1.0,,,,,,,4.0,3.0,123.0,88.0,38.0,37.5,73.9,down,-36.4,8.0,3.0,Over-Supplied,Arts & Music,NICHE
TOEFL,1.0,1.0,1.0,0.0,0.0,100,False,7.0,False,,7.0,1.0,1.0,1.0,1.0,1.0,1.0,1.0,1.0,1.0,1.0,1.0,1.0,1.0,1.0,,,,,,,,,1.0,66.0,53.0,80.0,,80.3,,,0.0,0.0,On Track,Other,NICHE
Contract Law,2.0,1.0,2.0,-50.0,7.0,200,False,7.0,False,,7.0,1.0,1.0,1.0,1.0,1.0,1.0,1.0,1.0,1.0,1.0,1.0,1.0,1.0,1.0,,,,,,,,,1.0,51.0,38.0,50.0,50.0,75.5,down,-25.5,2.0,1.0,On Track,College,NICHE
Animation,1.0,1.0,1.0,0.0,0.0,100,False,7.0,False,,7.0,1.0,1.0,1.0,1.0,1.0,1.0,1.0,1.0,1.0,1.0,1.0,1.0,1.0,1.0,,,,,,,,,1.0,36.0,27.0,75.0,,75.0,,,0.0,0.0,On Track,Arts & Music,NICHE
Autodesk Fusion 360,1.0,1.0,1.0,43.0,-3.0,70,True,10.0,True,['Apr'],10.0,1.0,1.0,1.0,1.0,2.0,2.0,2.0,1.0,1.0,1.0,1.0,2.0,2.0,2.0,1.0,,,,,,,1.0,1.0,23.0,19.0,0.0,0.0,86.4,down,-86.4,1.0,0.0,Under-Used,Technology,LOW
Finite Mathematics,2.0,1.0,2.0,-50.0,7.0,200,False,7.0,False,,7.0,1.0,1.0,1.0,1.0,1.0,1.0,1.0,1.0,1.0,1.0,1.0,1.0,1.0,1.0,,,,,,,,1.0,1.0,141.0,120.0,100.0,100.0,85.0,up,15.0,1.0,1.0,On Track,College,NICHE
IB French,1.0,1.0,1.0,0.0,0.0,100,False,7.0,False,,7.0,1.0,1.0,1.0,1.0,1.0,1.0,1.0,1.0,1.0,1.0,1.0,1.0,1.0,1.0,,,,,,,,,1.0,38.0,29.0,100.0,100.0,75.7,up,24.3,1.0,1.0,On Track,IB,NICHE
Data Science,7.0,1.0,8.0,-86.0,42.0,700,False,7.0,True,['Apr'],7.0,1.0,1.0,1.0,1.0,1.0,1.0,1.0,1.0,1.0,1.0,1.0,1.0,1.0,1.0,1.0,,,,,,,,1.0,120.0,96.0,50.0,50.0,82.1,down,-32.1,8.0,4.0,On Track,College,NICHE
Project Management/PMP,1.0,1.0,1.0,0.0,0.0,100,False,7.0,False,,7.0,1.0,1.0,1.0,1.0,1.0,1.0,1.0,1.0,1.0,1.0,1.0,1.0,1.0,1.0,,,,,,,,,1.0,65.0,46.0,71.0,,70.8,,,0.0,0.0,On Track,Professional/Cert,NICHE
Microsoft Word,11.0,1.0,13.0,-87.0,67.0,770,False,10.0,False,,10.0,1.0,1.0,1.0,1.0,2.0,2.0,2.0,1.0,1.0,1.0,1.0,2.0,2.0,2.0,,,,,,,,,1.0,303.0,234.0,50.0,50.0,77.6,down,-27.6,4.0,2.0,On Track,Technology,LOW
Sociology,4.0,1.0,5.0,-75.0,21.0,400,False,7.0,False,,7.0,1.0,1.0,1.0,1.0,1.0,1.0,1.0,1.0,1.0,1.0,1.0,1.0,1.0,1.0,,,,,,,,,1.0,182.0,150.0,100.0,100.0,82.3,up,17.7,1.0,1.0,On Track,College,NICHE
Neuroscience,6.0,1.0,7.0,-83.0,35.0,600,False,7.0,False,,7.0,1.0,1.0,1.0,1.0,1.0,1.0,1.0,1.0,1.0,1.0,1.0,1.0,1.0,1.0,,,,,,,,,1.0,144.0,108.0,33.0,33.3,75.9,down,-42.6,3.0,1.0,Over-Supplied,College,NICHE
Algorithms,2.0,1.0,2.0,-50.0,7.0,200,False,7.0,False,,7.0,1.0,1.0,1.0,1.0,1.0,1.0,1.0,1.0,1.0,1.0,1.0,1.0,1.0,1.0,,,,,,,,,1.0,100.0,82.0,0.0,0.0,82.8,down,-82.8,1.0,0.0,Over-Supplied,College,NICHE
Civil Engineering,2.0,1.0,2.0,-50.0,7.0,200,False,7.0,True,['Apr'],7.0,1.0,1.0,1.0,1.0,1.0,1.0,1.0,1.0,1.0,1.0,1.0,1.0,1.0,1.0,1.0,,,,,,,,1.0,51.0,41.0,100.0,100.0,80.0,up,20.0,1.0,1.0,On Track,College,NICHE
Voice,1.0,1.0,1.0,0.0,0.0,100,False,7.0,False,,7.0,1.0,1.0,1.0,1.0,1.0,1.0,1.0,1.0,1.0,1.0,1.0,1.0,1.0,1.0,,,,,,,,,1.0,79.0,62.0,78.0,,78.5,,,0.0,0.0,On Track,Arts & Music,NICHE
R Programming,1.0,1.0,1.0,0.0,0.0,100,False,7.0,False,,7.0,1.0,1.0,1.0,1.0,1.0,1.0,1.0,1.0,1.0,1.0,1.0,1.0,1.0,1.0,,,,,,,,,1.0,59.0,48.0,0.0,0.0,82.8,down,-82.8,1.0,0.0,Over-Supplied,College,NICHE
Public Health,2.0,1.0,2.0,-50.0,7.0,200,False,7.0,False,,7.0,1.0,1.0,1.0,1.0,1.0,1.0,1.0,1.0,1.0,1.0,1.0,1.0,1.0,1.0,,,,,,,,,1.0,91.0,68.0,75.0,,74.7,,,0.0,0.0,On Track,College,NICHE
Algebra Regents,2.0,1.0,2.0,-50.0,7.0,200,False,7.0,False,,7.0,1.0,1.0,1.0,1.0,1.0,1.0,1.0,1.0,1.0,1.0,1.0,1.0,1.0,1.0,,,,,,,,,1.0,127.0,100.0,79.0,,78.7,,,0.0,0.0,On Track,Test Prep,NICHE
Biostatistics,2.0,1.0,2.0,-50.0,7.0,200,False,7.0,False,,7.0,1.0,1.0,1.0,1.0,1.0,1.0,1.0,1.0,1.0,1.0,1.0,1.0,1.0,1.0,,,,,,,,,1.0,107.0,89.0,0.0,0.0,84.0,down,-84.0,1.0,0.0,Over-Supplied,College,NICHE
Web Development,4.0,1.0,5.0,-75.0,21.0,400,False,7.0,False,,7.0,1.0,1.0,1.0,1.0,1.0,1.0,1.0,1.0,1.0,1.0,1.0,1.0,1.0,1.0,,,,,,,,,1.0,95.0,81.0,100.0,100.0,85.1,up,14.9,1.0,1.0,On Track,College,NICHE
Logic,1.0,1.0,1.0,0.0,0.0,100,False,7.0,False,,7.0,1.0,1.0,1.0,1.0,1.0,1.0,1.0,1.0,1.0,1.0,1.0,1.0,1.0,1.0,,,,,,,,,1.0,81.0,61.0,75.0,,75.3,,,0.0,0.0,On Track,College,NICHE
Physics 11,1.0,2.0,1.0,86.0,-6.0,54,True,13.0,False,,13.0,1.0,1.0,1.0,1.0,2.0,3.0,4.0,1.0,1.0,1.0,1.0,3.0,3.0,3.0,,,,,,,,,1.0,106.0,90.0,85.0,,84.9,,,0.0,0.0,True Supply Problem,Other,LOW
Web Design,4.0,1.0,5.0,-75.0,21.0,400,False,7.0,False,,7.0,1.0,1.0,1.0,1.0,1.0,1.0,1.0,1.0,1.0,1.0,1.0,1.0,1.0,1.0,,,,,,,,,1.0,108.0,89.0,50.0,50.0,83.0,down,-33.0,2.0,1.0,On Track,College,NICHE
Molecular Biology,1.0,1.0,1.0,0.0,0.0,100,False,7.0,False,,7.0,1.0,1.0,1.0,1.0,1.0,1.0,1.0,1.0,1.0,1.0,1.0,1.0,1.0,1.0,,,,,,,,,1.0,219.0,183.0,84.0,,83.6,,,0.0,0.0,On Track,College,NICHE
Personal Finance,3.0,1.0,4.0,-67.0,14.0,300,False,7.0,False,,7.0,1.0,1.0,1.0,1.0,1.0,1.0,1.0,1.0,1.0,1.0,1.0,1.0,1.0,1.0,,,,,,,,,1.0,146.0,118.0,81.0,,80.8,,,0.0,0.0,On Track,College,NICHE
Chemical Engineering,1.0,1.0,1.0,0.0,0.0,100,False,7.0,False,,7.0,1.0,1.0,1.0,1.0,1.0,1.0,1.0,1.0,1.0,1.0,1.0,1.0,1.0,1.0,,,,,,,,,1.0,43.0,38.0,88.0,,88.4,,,0.0,0.0,On Track,College,NICHE
Photoshop,7.0,1.0,8.0,-86.0,42.0,700,False,7.0,True,['Apr'],7.0,1.0,1.0,1.0,1.0,1.0,1.0,1.0,1.0,1.0,1.0,1.0,1.0,1.0,1.0,1.0,,,,,,,,1.0,103.0,75.0,40.0,40.0,74.5,down,-34.5,5.0,2.0,Over-Supplied,Arts & Music,NICHE
Fluid Mechanics,1.0,1.0,1.0,0.0,0.0,100,False,7.0,True,['Apr'],7.0,1.0,1.0,1.0,1.0,1.0,1.0,1.0,1.0,1.0,1.0,1.0,1.0,1.0,1.0,1.0,,,,,,,,1.0,71.0,60.0,0.0,0.0,87.0,down,-87.0,2.0,0.0,Over-Supplied,College,NICHE
Minecraft,1.0,1.0,1.0,0.0,0.0,100,False,7.0,False,,7.0,1.0,1.0,1.0,1.0,1.0,1.0,1.0,1.0,1.0,1.0,1.0,1.0,1.0,1.0,,,,,,,,,1.0,71.0,65.0,100.0,100.0,91.4,up,8.6,1.0,1.0,On Track,Technology,NICHE
Econometrics,1.0,1.0,1.0,0.0,0.0,100,False,7.0,False,,7.0,1.0,1.0,1.0,1.0,1.0,1.0,1.0,1.0,1.0,1.0,1.0,1.0,1.0,1.0,,,,,,,,,1.0,42.0,34.0,0.0,0.0,82.9,down,-82.9,1.0,0.0,Over-Supplied,College,NICHE
PSAT Mathematics,3.0,1.0,4.0,-67.0,14.0,300,False,7.0,False,,7.0,1.0,1.0,1.0,1.0,1.0,1.0,1.0,1.0,1.0,1.0,1.0,1.0,1.0,1.0,,,,,,,,,1.0,523.0,455.0,100.0,100.0,87.0,up,13.0,1.0,1.0,On Track,Test Prep,NICHE
ANCC - Family Nurse Practitioner Certification (FNP),1.0,1.0,1.0,0.0,0.0,100,False,7.0,False,,7.0,1.0,1.0,1.0,1.0,1.0,1.0,1.0,1.0,1.0,1.0,1.0,1.0,1.0,1.0,,,,,,,,,1.0,7.0,6.0,86.0,,85.7,,,0.0,0.0,On Track,Professional/Cert,NICHE
Enrichment,1.0,1.0,1.0,0.0,0.0,100,False,7.0,False,,7.0,1.0,1.0,1.0,1.0,1.0,1.0,1.0,1.0,1.0,1.0,1.0,1.0,1.0,1.0,,,,,,,,,1.0,58.0,49.0,84.0,,84.5,,,0.0,0.0,On Track,Other,NICHE
MCAT Chemical and Physical Foundations of Biological Systems,2.0,1.0,2.0,-50.0,7.0,200,False,7.0,False,,7.0,1.0,1.0,1.0,1.0,1.0,1.0,1.0,1.0,1.0,1.0,1.0,1.0,1.0,1.0,,,,,,,,,1.0,76.0,64.0,75.0,75.0,84.7,down,-9.7,4.0,3.0,On Track,Test Prep,NICHE
HTML,4.0,1.0,5.0,-75.0,21.0,400,False,7.0,False,,7.0,1.0,1.0,1.0,1.0,1.0,1.0,1.0,1.0,1.0,1.0,1.0,1.0,1.0,1.0,,,,,,,,,1.0,136.0,115.0,25.0,25.0,86.4,down,-61.4,4.0,1.0,Over-Supplied,College,NICHE
Roblox,1.0,1.0,1.0,0.0,0.0,100,False,7.0,False,,7.0,1.0,1.0,1.0,1.0,1.0,1.0,1.0,1.0,1.0,1.0,1.0,1.0,1.0,1.0,,,,,,,,,1.0,43.0,36.0,100.0,100.0,82.9,up,17.1,2.0,2.0,On Track,Technology,NICHE
Legal Writing,1.0,1.0,1.0,0.0,0.0,100,False,7.0,False,,7.0,1.0,1.0,1.0,1.0,1.0,1.0,1.0,1.0,1.0,1.0,1.0,1.0,1.0,1.0,,,,,,,,,1.0,58.0,41.0,0.0,0.0,77.4,down,-77.4,5.0,0.0,Over-Supplied,College,NICHE
ARDMS - RDMS - Obstetrics and Gynecology (OB/GYN),1.0,1.0,1.0,0.0,0.0,100,False,7.0,False,,7.0,1.0,1.0,1.0,1.0,1.0,1.0,1.0,1.0,1.0,1.0,1.0,1.0,1.0,1.0,,,,,,,,,1.0,7.0,5.0,71.0,,71.4,,,0.0,0.0,On Track,Professional/Cert,NICHE
College Political Science,4.0,1.0,5.0,-75.0,21.0,400,False,7.0,False,,7.0,1.0,1.0,1.0,1.0,1.0,1.0,1.0,1.0,1.0,1.0,1.0,1.0,1.0,1.0,,,,,,,,,1.0,93.0,70.0,33.0,33.3,76.7,down,-43.3,3.0,1.0,Over-Supplied,College,NICHE
ACT Science,4.0,1.0,5.0,-75.0,21.0,400,False,7.0,True,['Apr'],7.0,1.0,1.0,1.0,1.0,1.0,1.0,1.0,1.0,1.0,1.0,1.0,1.0,1.0,1.0,1.0,,,,,,,1.0,2.0,326.0,279.0,100.0,100.0,85.5,up,14.5,2.0,2.0,On Track,Test Prep,NICHE
AP Research,4.0,1.0,5.0,-75.0,21.0,400,False,7.0,False,,7.0,1.0,1.0,1.0,1.0,1.0,1.0,1.0,1.0,1.0,1.0,1.0,1.0,1.0,1.0,,,,,,,,,1.0,132.0,106.0,0.0,0.0,83.5,down,-83.5,5.0,0.0,Over-Supplied,AP,NICHE
Microsoft Power BI,2.0,1.0,2.0,-50.0,7.0,200,False,7.0,True,['Apr'],7.0,1.0,1.0,1.0,1.0,1.0,1.0,1.0,1.0,1.0,1.0,1.0,1.0,1.0,1.0,1.0,,,,,,,0.0,1.0,54.0,44.0,0.0,0.0,84.6,down,-84.6,2.0,0.0,Over-Supplied,Technology,NICHE
LSAT Logical Reasoning,4.0,1.0,5.0,-75.0,21.0,400,False,7.0,False,,7.0,1.0,1.0,1.0,1.0,1.0,1.0,1.0,1.0,1.0,1.0,1.0,1.0,1.0,1.0,,,,,,,,,1.0,99.0,78.0,75.0,75.0,78.9,down,-3.9,4.0,3.0,On Track,Test Prep,NICHE
C#,1.0,1.0,1.0,0.0,0.0,100,False,7.0,False,,7.0,1.0,1.0,1.0,1.0,1.0,1.0,1.0,1.0,1.0,1.0,1.0,1.0,1.0,1.0,,,,,,,,,1.0,62.0,55.0,89.0,,88.7,,,0.0,0.0,On Track,Other,NICHE
Aerospace Engineering,2.0,1.0,2.0,-50.0,7.0,200,False,7.0,False,,7.0,1.0,1.0,1.0,1.0,1.0,1.0,1.0,1.0,1.0,1.0,1.0,1.0,1.0,1.0,,,,,,,,,1.0,41.0,33.0,0.0,0.0,82.5,down,-82.5,1.0,0.0,Over-Supplied,College,NICHE
Astronomy,1.0,1.0,1.0,0.0,0.0,100,False,7.0,False,,7.0,1.0,1.0,1.0,1.0,1.0,1.0,1.0,1.0,1.0,1.0,1.0,1.0,1.0,1.0,,,,,,,,,1.0,45.0,38.0,0.0,0.0,88.4,down,-88.4,2.0,0.0,Over-Supplied,Other,NICHE
MATLAB,1.0,1.0,1.0,0.0,0.0,100,False,7.0,False,,7.0,1.0,1.0,1.0,1.0,1.0,1.0,1.0,1.0,1.0,1.0,1.0,1.0,1.0,1.0,,,,,,,,,1.0,75.0,54.0,72.0,,72.0,,,0.0,0.0,On Track,College,NICHE
Photography,2.0,1.0,2.0,-50.0,7.0,200,False,7.0,True,['Apr'],7.0,1.0,1.0,1.0,1.0,1.0,1.0,1.0,1.0,1.0,1.0,1.0,1.0,1.0,1.0,1.0,,,,,,,0.0,1.0,56.0,39.0,70.0,,69.6,,,0.0,0.0,On Track,Arts & Music,NICHE
Hebrew,1.0,1.0,1.0,0.0,0.0,100,False,7.0,False,,7.0,1.0,1.0,1.0,1.0,1.0,1.0,1.0,1.0,1.0,1.0,1.0,1.0,1.0,1.0,,,,,,,,,1.0,18.0,11.0,61.0,,61.1,,,0.0,0.0,On Track,Language,NICHE
Electronics,1.0,1.0,1.0,43.0,-3.0,70,True,10.0,False,,10.0,1.0,1.0,1.0,1.0,2.0,2.0,2.0,1.0,1.0,1.0,1.0,2.0,2.0,2.0,,,,,,,,0.0,1.0,40.0,34.0,85.0,,85.0,,,0.0,0.0,True Supply Problem,Other,LOW
Inorganic Chemistry,2.0,1.0,2.0,-43.0,6.0,175,False,8.0,True,['Apr'],7.0,1.0,1.0,1.0,1.0,1.0,1.0,1.0,2.0,1.0,1.0,1.0,1.0,1.0,1.0,2.0,,,,,,,1.0,1.0,77.0,66.0,100.0,100.0,85.3,up,14.7,2.0,2.0,On Track,College,NICHE
Architecture,2.0,1.0,2.0,-50.0,7.0,200,False,7.0,True,['Apr'],7.0,1.0,1.0,1.0,1.0,1.0,1.0,1.0,1.0,1.0,1.0,1.0,1.0,1.0,1.0,1.0,,,,,,,,1.0,33.0,25.0,75.0,75.0,75.9,flat,-0.9,4.0,3.0,On Track,Other,NICHE
CPCE,1.0,1.0,1.0,0.0,0.0,100,False,7.0,False,,7.0,1.0,1.0,1.0,1.0,1.0,1.0,1.0,1.0,1.0,1.0,1.0,1.0,1.0,1.0,,,,,,,,,1.0,10.0,9.0,90.0,,90.0,,,0.0,0.0,On Track,Other,NICHE
Civil Procedure,1.0,1.0,1.0,0.0,0.0,100,False,7.0,False,,7.0,1.0,1.0,1.0,1.0,1.0,1.0,1.0,1.0,1.0,1.0,1.0,1.0,1.0,1.0,,,,,,,,,1.0,27.0,20.0,100.0,100.0,73.1,up,26.9,1.0,1.0,On Track,College,NICHE
Painting,6.0,1.0,7.0,-83.0,35.0,600,False,7.0,False,,7.0,1.0,1.0,1.0,1.0,1.0,1.0,1.0,1.0,1.0,1.0,1.0,1.0,1.0,1.0,,,,,,,,,1.0,134.0,98.0,44.0,44.4,75.2,down,-30.8,9.0,4.0,Over-Supplied,Arts & Music,NICHE
Managerial Economics,1.0,1.0,1.0,0.0,0.0,100,False,7.0,False,,7.0,1.0,1.0,1.0,1.0,1.0,1.0,1.0,1.0,1.0,1.0,1.0,1.0,1.0,1.0,,,,,,,,,1.0,44.0,37.0,0.0,0.0,86.0,down,-86.0,1.0,0.0,Over-Supplied,College,NICHE
Tagalog,1.0,1.0,1.0,0.0,0.0,100,False,7.0,False,,7.0,1.0,1.0,1.0,1.0,1.0,1.0,1.0,1.0,1.0,1.0,1.0,1.0,1.0,1.0,,,,,,,,,1.0,22.0,14.0,64.0,,63.6,,,0.0,0.0,On Track,Other,NICHE
German 2,1.0,1.0,1.0,0.0,0.0,100,False,7.0,False,,7.0,1.0,1.0,1.0,1.0,1.0,1.0,1.0,1.0,1.0,1.0,1.0,1.0,1.0,1.0,,,,,,,,,1.0,49.0,37.0,76.0,,75.5,,,0.0,0.0,On Track,Language,NICHE
Linux,1.0,1.0,1.0,0.0,0.0,100,False,7.0,False,,7.0,1.0,1.0,1.0,1.0,1.0,1.0,1.0,1.0,1.0,1.0,1.0,1.0,1.0,1.0,,,,,,,,,1.0,64.0,48.0,0.0,0.0,76.2,down,-76.2,1.0,0.0,Over-Supplied,College,NICHE
Expository Writing,18.0,1.0,22.0,-94.0,119.0,1800,False,7.0,False,,7.0,1.0,1.0,1.0,1.0,1.0,1.0,1.0,1.0,1.0,1.0,1.0,1.0,1.0,1.0,,,,,,,,,1.0,421.0,326.0,42.0,41.7,78.5,down,-36.8,12.0,5.0,Over-Supplied,College,NICHE
Information Technology,4.0,1.0,5.0,-75.0,21.0,400,False,7.0,False,,7.0,1.0,1.0,1.0,1.0,1.0,1.0,1.0,1.0,1.0,1.0,1.0,1.0,1.0,1.0,,,,,,,,,1.0,87.0,66.0,76.0,,75.9,,,0.0,0.0,On Track,College,NICHE
Computer Animation,1.0,1.0,1.0,0.0,0.0,100,False,7.0,False,,7.0,1.0,1.0,1.0,1.0,1.0,1.0,1.0,1.0,1.0,1.0,1.0,1.0,1.0,1.0,,,,,,,,,1.0,32.0,28.0,88.0,,87.5,,,0.0,0.0,On Track,Other,NICHE
Software,2.0,2.0,2.0,7.0,-1.0,93,False,15.0,False,,15.0,1.0,2.0,1.0,1.0,2.0,4.0,4.0,1.0,2.0,1.0,1.0,3.0,4.0,3.0,,,,,,,,1.0,1.0,74.0,67.0,50.0,50.0,91.7,down,-41.7,2.0,1.0,On Track,College,LOW
Software Engineering,2.0,1.0,2.0,-50.0,7.0,200,False,7.0,False,,7.0,1.0,1.0,1.0,1.0,1.0,1.0,1.0,1.0,1.0,1.0,1.0,1.0,1.0,1.0,,,,,,,,,1.0,85.0,74.0,87.0,,87.1,,,0.0,0.0,On Track,Other,NICHE
ISEE- Primary,2.0,1.0,2.0,-50.0,7.0,200,False,7.0,False,,7.0,1.0,1.0,1.0,1.0,1.0,1.0,1.0,1.0,1.0,1.0,1.0,1.0,1.0,1.0,,,,,,,,,1.0,41.0,35.0,0.0,0.0,89.7,down,-89.7,2.0,0.0,Over-Supplied,Test Prep,NICHE
GMAT Quantitative Reasoning,1.0,1.0,1.0,0.0,0.0,100,False,7.0,False,,7.0,1.0,1.0,1.0,1.0,1.0,1.0,1.0,1.0,1.0,1.0,1.0,1.0,1.0,1.0,,,,,,,,,1.0,53.0,50.0,94.0,,94.3,,,0.0,0.0,On Track,Test Prep,NICHE
Tableau,1.0,1.0,1.0,0.0,0.0,100,False,7.0,False,,7.0,1.0,1.0,1.0,1.0,1.0,1.0,1.0,1.0,1.0,1.0,1.0,1.0,1.0,1.0,,,,,,,,,1.0,44.0,33.0,0.0,0.0,78.6,down,-78.6,2.0,0.0,Over-Supplied,Technology,NICHE
Medical Terminology,12.0,1.0,14.0,-92.0,77.0,1200,False,7.0,False,,7.0,1.0,1.0,1.0,1.0,1.0,1.0,1.0,1.0,1.0,1.0,1.0,1.0,1.0,1.0,,,,,,,,,1.0,196.0,147.0,17.0,16.7,78.8,down,-62.1,12.0,2.0,Over-Supplied,College,NICHE
Biomedical Engineering,1.0,1.0,1.0,0.0,0.0,100,False,7.0,False,,7.0,1.0,1.0,1.0,1.0,1.0,1.0,1.0,1.0,1.0,1.0,1.0,1.0,1.0,1.0,,,,,,,,1.0,1.0,48.0,39.0,100.0,100.0,80.0,up,20.0,3.0,3.0,On Track,College,NICHE
Series 10,1.0,1.0,1.0,0.0,0.0,100,False,7.0,False,,7.0,1.0,1.0,1.0,1.0,1.0,1.0,1.0,1.0,1.0,1.0,1.0,1.0,1.0,1.0,,,,,,,,,1.0,6.0,5.0,83.0,,83.3,,,0.0,0.0,On Track,Professional/Cert,NICHE
Analytical Chemistry,2.0,1.0,2.0,-50.0,7.0,200,False,7.0,False,,7.0,1.0,1.0,1.0,1.0,1.0,1.0,1.0,1.0,1.0,1.0,1.0,1.0,1.0,1.0,,,,,,,,,1.0,86.0,75.0,87.0,,87.2,,,0.0,0.0,On Track,College,NICHE
Heat Transfer,1.0,1.0,1.0,0.0,0.0,100,False,7.0,False,,7.0,1.0,1.0,1.0,1.0,1.0,1.0,1.0,1.0,1.0,1.0,1.0,1.0,1.0,1.0,,,,,,,,,1.0,41.0,35.0,85.0,,85.4,,,0.0,0.0,On Track,College,NICHE
Latin 4,1.0,2.0,1.0,100.0,-7.0,50,True,14.0,True,['Apr'],14.0,1.0,1.0,0.0,1.0,2.0,4.0,5.0,1.0,1.0,0.0,1.0,3.0,5.0,3.0,1.0,,,,,,,0.0,1.0,21.0,19.0,90.0,,90.5,,,0.0,0.0,True Supply Problem,Language,LOW
High School Geography,3.0,1.0,4.0,-67.0,14.0,300,False,7.0,False,,7.0,1.0,1.0,1.0,1.0,1.0,1.0,1.0,1.0,1.0,1.0,1.0,1.0,1.0,1.0,,,,,,,,,1.0,80.0,55.0,40.0,40.0,70.7,down,-30.7,5.0,2.0,Over-Supplied,High School,NICHE
Police Officer Exam,1.0,1.0,1.0,0.0,0.0,100,False,7.0,False,,7.0,1.0,1.0,1.0,1.0,1.0,1.0,1.0,1.0,1.0,1.0,1.0,1.0,1.0,1.0,,,,,,,,,1.0,16.0,11.0,0.0,0.0,73.3,down,-73.3,1.0,0.0,Over-Supplied,Professional/Cert,NICHE
Series 24,1.0,1.0,1.0,0.0,0.0,100,False,7.0,False,,7.0,1.0,1.0,1.0,1.0,1.0,1.0,1.0,1.0,1.0,1.0,1.0,1.0,1.0,1.0,,,,,,,,,1.0,3.0,2.0,67.0,,66.7,,,0.0,0.0,On Track,Professional/Cert,NICHE
High School Government,18.0,1.0,22.0,-94.0,119.0,1800,False,7.0,True,['Apr'],7.0,1.0,1.0,1.0,1.0,1.0,1.0,1.0,1.0,1.0,1.0,1.0,1.0,1.0,1.0,1.0,,,,,,,,1.0,373.0,277.0,56.0,55.6,75.2,down,-19.7,18.0,10.0,On Track,High School,NICHE
Materials Science,1.0,1.0,1.0,0.0,0.0,100,False,7.0,False,,7.0,1.0,1.0,1.0,1.0,1.0,1.0,1.0,1.0,1.0,1.0,1.0,1.0,1.0,1.0,,,,,,,,,1.0,42.0,35.0,83.0,,83.3,,,0.0,0.0,On Track,College,NICHE
Criminal Law,1.0,1.0,1.0,0.0,0.0,100,False,7.0,False,,7.0,1.0,1.0,1.0,1.0,1.0,1.0,1.0,1.0,1.0,1.0,1.0,1.0,1.0,1.0,,,,,,,,,1.0,55.0,44.0,100.0,100.0,79.6,up,20.4,1.0,1.0,On Track,College,NICHE
AP Seminar,1.0,1.0,1.0,0.0,0.0,100,False,7.0,False,,7.0,1.0,1.0,1.0,1.0,1.0,1.0,1.0,1.0,1.0,1.0,1.0,1.0,1.0,1.0,,,,,,,,,1.0,58.0,52.0,90.0,,89.7,,,0.0,0.0,On Track,AP,NICHE
Biomechanics,1.0,1.0,1.0,0.0,0.0,100,False,7.0,False,,7.0,1.0,1.0,1.0,1.0,1.0,1.0,1.0,1.0,1.0,1.0,1.0,1.0,1.0,1.0,,,,,,,,,1.0,40.0,32.0,80.0,,80.0,,,0.0,0.0,On Track,College,NICHE
Quantum Physics,1.0,1.0,1.0,0.0,0.0,100,False,7.0,False,,7.0,1.0,1.0,1.0,1.0,1.0,1.0,1.0,1.0,1.0,1.0,1.0,1.0,1.0,1.0,,,,,,,,,1.0,69.0,57.0,83.0,,82.6,,,0.0,0.0,On Track,College,NICHE
UNITY,1.0,1.0,1.0,0.0,0.0,100,False,7.0,False,,7.0,1.0,1.0,1.0,1.0,1.0,1.0,1.0,1.0,1.0,1.0,1.0,1.0,1.0,1.0,,,,,,,,,1.0,9.0,5.0,56.0,,55.6,,,0.0,0.0,On Track,Other,NICHE
Kinesiology,2.0,1.0,2.0,-50.0,7.0,200,False,7.0,False,,7.0,1.0,1.0,1.0,1.0,1.0,1.0,1.0,1.0,1.0,1.0,1.0,1.0,1.0,1.0,,,,,,,,,1.0,61.0,51.0,50.0,50.0,84.7,down,-34.7,2.0,1.0,On Track,College,NICHE
International Business,1.0,1.0,1.0,0.0,0.0,100,False,7.0,False,,7.0,1.0,1.0,1.0,1.0,1.0,1.0,1.0,1.0,1.0,1.0,1.0,1.0,1.0,1.0,,,,,,,,,1.0,61.0,51.0,84.0,,83.6,,,0.0,0.0,On Track,College,NICHE
Nutrition,2.0,1.0,2.0,-50.0,7.0,200,False,7.0,False,,7.0,1.0,1.0,1.0,1.0,1.0,1.0,1.0,1.0,1.0,1.0,1.0,1.0,1.0,1.0,,,,,,,,,1.0,137.0,113.0,82.0,,82.5,,,0.0,0.0,On Track,College,NICHE
Data Management,2.0,1.0,2.0,-50.0,7.0,200,False,7.0,False,,7.0,1.0,1.0,1.0,1.0,1.0,1.0,1.0,1.0,1.0,1.0,1.0,1.0,1.0,1.0,,,,,,,,,1.0,98.0,79.0,0.0,0.0,82.3,down,-82.3,2.0,0.0,Over-Supplied,College,NICHE
IB Language A: Language and Literature,1.0,1.0,1.0,0.0,0.0,100,False,7.0,False,,7.0,1.0,1.0,1.0,1.0,1.0,1.0,1.0,1.0,1.0,1.0,1.0,1.0,1.0,1.0,,,,,,,,,1.0,21.0,19.0,90.0,,90.5,,,0.0,0.0,On Track,IB,NICHE
Agricultural Science,2.0,1.0,2.0,-36.0,5.0,156,False,9.0,True,['Apr'],9.0,1.0,1.0,1.0,1.0,1.0,2.0,2.0,1.0,1.0,1.0,1.0,1.0,2.0,2.0,1.0,,,,,,,,1.0,57.0,48.0,84.0,,84.2,,,0.0,0.0,On Track,College,NICHE
Real Analysis,1.0,1.0,1.0,0.0,0.0,100,False,7.0,False,,7.0,1.0,1.0,1.0,1.0,1.0,1.0,1.0,1.0,1.0,1.0,1.0,1.0,1.0,1.0,,,,,,,,,1.0,65.0,51.0,78.0,,78.5,,,0.0,0.0,On Track,College,NICHE
Operating Systems,1.0,1.0,1.0,0.0,0.0,100,False,7.0,False,,7.0,1.0,1.0,1.0,1.0,1.0,1.0,1.0,1.0,1.0,1.0,1.0,1.0,1.0,1.0,,,,,,,,,1.0,59.0,48.0,0.0,0.0,82.8,down,-82.8,1.0,0.0,Over-Supplied,College,NICHE
Ethics,4.0,1.0,5.0,-75.0,21.0,400,False,7.0,False,,7.0,1.0,1.0,1.0,1.0,1.0,1.0,1.0,1.0,1.0,1.0,1.0,1.0,1.0,1.0,,,,,,,,,1.0,116.0,94.0,81.0,,81.0,,,0.0,0.0,On Track,College,NICHE
Discrete Structures,1.0,1.0,1.0,0.0,0.0,100,False,7.0,False,,7.0,1.0,1.0,1.0,1.0,1.0,1.0,1.0,1.0,1.0,1.0,1.0,1.0,1.0,1.0,,,,,,,,,1.0,51.0,46.0,90.0,,90.2,,,0.0,0.0,On Track,College,NICHE
Autodesk Maya,1.0,1.0,1.0,0.0,0.0,100,False,7.0,False,,7.0,1.0,1.0,1.0,1.0,1.0,1.0,1.0,1.0,1.0,1.0,1.0,1.0,1.0,1.0,,,,,,,,,1.0,12.0,7.0,58.0,,58.3,,,0.0,0.0,On Track,Technology,NICHE
Supply Chain Management,1.0,1.0,1.0,0.0,0.0,100,False,7.0,False,,7.0,1.0,1.0,1.0,1.0,1.0,1.0,1.0,1.0,1.0,1.0,1.0,1.0,1.0,1.0,,,,,,,,,1.0,47.0,39.0,0.0,0.0,84.8,down,-84.8,1.0,0.0,Over-Supplied,College,NICHE
IB Business & Management,3.0,1.0,4.0,-67.0,14.0,300,False,7.0,True,['Apr'],7.0,1.0,1.0,1.0,1.0,1.0,1.0,1.0,1.0,1.0,1.0,1.0,1.0,1.0,1.0,1.0,,,,,,,,1.0,58.0,52.0,67.0,66.7,90.9,down,-24.2,3.0,2.0,On Track,IB,NICHE
European History,1.0,1.0,1.0,0.0,0.0,100,False,7.0,False,,7.0,1.0,1.0,1.0,1.0,1.0,1.0,1.0,1.0,1.0,1.0,1.0,1.0,1.0,1.0,,,,,,,,,1.0,94.0,77.0,82.0,,81.9,,,0.0,0.0,On Track,High School,NICHE
Immunology,1.0,1.0,1.0,0.0,0.0,100,False,7.0,False,,7.0,1.0,1.0,1.0,1.0,1.0,1.0,1.0,1.0,1.0,1.0,1.0,1.0,1.0,1.0,,,,,,,,,1.0,70.0,53.0,76.0,,75.7,,,0.0,0.0,On Track,College,NICHE
Computer Architecture,1.0,1.0,1.0,0.0,0.0,100,False,7.0,False,,7.0,1.0,1.0,1.0,1.0,1.0,1.0,1.0,1.0,1.0,1.0,1.0,1.0,1.0,1.0,,,,,,,,,1.0,34.0,28.0,0.0,0.0,84.8,down,-84.8,1.0,0.0,Over-Supplied,College,NICHE
Sketchup,1.0,1.0,1.0,0.0,0.0,100,False,7.0,True,['Apr'],7.0,1.0,1.0,1.0,1.0,1.0,1.0,1.0,1.0,1.0,1.0,1.0,1.0,1.0,1.0,1.0,,,,,,,,1.0,21.0,15.0,100.0,100.0,68.4,up,31.6,2.0,2.0,On Track,Technology,NICHE
High School Level American Literature,5.0,1.0,6.0,-80.0,28.0,500,False,7.0,False,,7.0,1.0,1.0,1.0,1.0,1.0,1.0,1.0,1.0,1.0,1.0,1.0,1.0,1.0,1.0,,,,,,,,,1.0,305.0,250.0,82.0,,82.0,,,0.0,0.0,On Track,High School,NICHE
Relational Databases,6.0,1.0,7.0,-83.0,35.0,600,False,7.0,False,,7.0,1.0,1.0,1.0,1.0,1.0,1.0,1.0,1.0,1.0,1.0,1.0,1.0,1.0,1.0,,,,,,,,,1.0,112.0,92.0,50.0,50.0,84.0,down,-34.0,6.0,3.0,On Track,College,NICHE
IB Extended Essay,3.0,1.0,4.0,-67.0,14.0,300,False,7.0,False,,7.0,1.0,1.0,1.0,1.0,1.0,1.0,1.0,1.0,1.0,1.0,1.0,1.0,1.0,1.0,,,,,,,,,1.0,113.0,94.0,50.0,50.0,83.8,down,-33.8,2.0,1.0,On Track,IB,NICHE
CISSP,1.0,1.0,1.0,0.0,0.0,100,False,7.0,False,,7.0,1.0,1.0,1.0,1.0,1.0,1.0,1.0,1.0,1.0,1.0,1.0,1.0,1.0,1.0,,,,,,,,,1.0,11.0,6.0,0.0,0.0,60.0,down,-60.0,1.0,0.0,Over-Supplied,Professional/Cert,NICHE
Theology,1.0,1.0,1.0,0.0,0.0,100,False,7.0,False,,7.0,1.0,1.0,1.0,1.0,1.0,1.0,1.0,1.0,1.0,1.0,1.0,1.0,1.0,1.0,,,,,,,,,1.0,93.0,71.0,76.0,,76.3,,,0.0,0.0,On Track,College,NICHE
C,1.0,1.0,1.0,0.0,0.0,100,False,7.0,False,,7.0,1.0,1.0,1.0,1.0,1.0,1.0,1.0,1.0,1.0,1.0,1.0,1.0,1.0,1.0,,,,,,,,,1.0,109.0,90.0,0.0,0.0,83.3,down,-83.3,1.0,0.0,Over-Supplied,College,NICHE
AP Art History,4.0,1.0,5.0,-75.0,21.0,400,False,7.0,False,,7.0,1.0,1.0,1.0,1.0,1.0,1.0,1.0,1.0,1.0,1.0,1.0,1.0,1.0,1.0,,,,,,,,,1.0,65.0,45.0,69.0,,69.2,,,0.0,0.0,On Track,AP,NICHE
Epidemiology,1.0,1.0,1.0,0.0,0.0,100,False,7.0,False,,7.0,1.0,1.0,1.0,1.0,1.0,1.0,1.0,1.0,1.0,1.0,1.0,1.0,1.0,1.0,,,,,,,,,1.0,49.0,40.0,82.0,,81.6,,,0.0,0.0,On Track,Other,NICHE
Quantitative Methods,1.0,1.0,1.0,0.0,0.0,100,False,7.0,False,,7.0,1.0,1.0,1.0,1.0,1.0,1.0,1.0,1.0,1.0,1.0,1.0,1.0,1.0,1.0,,,,,,,,,1.0,81.0,66.0,0.0,0.0,83.5,down,-83.5,2.0,0.0,Over-Supplied,College,NICHE
Cooking,2.0,1.0,2.0,-50.0,7.0,200,False,7.0,False,,7.0,1.0,1.0,1.0,1.0,1.0,1.0,1.0,1.0,1.0,1.0,1.0,1.0,1.0,1.0,,,,,,,,,1.0,118.0,97.0,82.0,,82.2,,,0.0,0.0,On Track,Other,NICHE
Trumpet,1.0,1.0,1.0,0.0,0.0,100,False,7.0,False,,7.0,1.0,1.0,1.0,1.0,1.0,1.0,1.0,1.0,1.0,1.0,1.0,1.0,1.0,1.0,,,,,,,,,1.0,14.0,10.0,71.0,,71.4,,,0.0,0.0,On Track,Arts & Music,NICHE
Audio Engineering,1.0,1.0,1.0,0.0,0.0,100,False,7.0,False,,7.0,1.0,1.0,1.0,1.0,1.0,1.0,1.0,1.0,1.0,1.0,1.0,1.0,1.0,1.0,,,,,,,,,1.0,22.0,18.0,82.0,,81.8,,,0.0,0.0,On Track,Arts & Music,NICHE
Cardiology,1.0,1.0,1.0,0.0,0.0,100,False,7.0,False,,7.0,1.0,1.0,1.0,1.0,1.0,1.0,1.0,1.0,1.0,1.0,1.0,1.0,1.0,1.0,,,,,,,,,1.0,48.0,40.0,83.0,,83.3,,,0.0,0.0,On Track,College,NICHE
Drum and Percussion,1.0,1.0,1.0,0.0,0.0,100,False,7.0,False,,7.0,1.0,1.0,1.0,1.0,1.0,1.0,1.0,1.0,1.0,1.0,1.0,1.0,1.0,1.0,,,,,,,,,1.0,24.0,22.0,92.0,,91.7,,,0.0,0.0,On Track,Other,NICHE
Numerical Analysis,1.0,1.0,1.0,0.0,0.0,100,False,7.0,False,,7.0,1.0,1.0,1.0,1.0,1.0,1.0,1.0,1.0,1.0,1.0,1.0,1.0,1.0,1.0,,,,,,,,,1.0,28.0,27.0,96.0,,96.4,,,0.0,0.0,On Track,College,NICHE
High School Accounting,5.0,1.0,6.0,-80.0,28.0,500,False,7.0,False,,7.0,1.0,1.0,1.0,1.0,1.0,1.0,1.0,1.0,1.0,1.0,1.0,1.0,1.0,1.0,,,,,,,,,1.0,161.0,124.0,38.0,37.5,79.1,down,-41.6,8.0,3.0,Over-Supplied,High School,NICHE
Evolutionary Biology,1.0,1.0,1.0,0.0,0.0,100,False,7.0,False,,7.0,1.0,1.0,1.0,1.0,1.0,1.0,1.0,1.0,1.0,1.0,1.0,1.0,1.0,1.0,,,,,,,,,1.0,152.0,127.0,84.0,,83.6,,,0.0,0.0,On Track,College,NICHE
Fiction Writing,15.0,1.0,18.0,-93.0,98.0,1500,False,7.0,False,,7.0,1.0,1.0,1.0,1.0,1.0,1.0,1.0,1.0,1.0,1.0,1.0,1.0,1.0,1.0,,,,,,,,,1.0,448.0,358.0,0.0,0.0,80.3,down,-80.3,2.0,0.0,Over-Supplied,College,NICHE
College Geography,2.0,1.0,2.0,-50.0,7.0,200,False,7.0,False,,7.0,1.0,1.0,1.0,1.0,1.0,1.0,1.0,1.0,1.0,1.0,1.0,1.0,1.0,1.0,,,,,,,,,1.0,48.0,30.0,25.0,25.0,65.9,down,-40.9,4.0,1.0,Over-Supplied,College,NICHE
Business Enterprise,1.0,1.0,1.0,0.0,0.0,100,False,7.0,False,,7.0,1.0,1.0,1.0,1.0,1.0,1.0,1.0,1.0,1.0,1.0,1.0,1.0,1.0,1.0,,,,,,,,,1.0,57.0,49.0,86.0,,86.0,,,0.0,0.0,On Track,Other,NICHE
TEFL,1.0,1.0,1.0,0.0,0.0,100,False,7.0,False,,7.0,1.0,1.0,1.0,1.0,1.0,1.0,1.0,1.0,1.0,1.0,1.0,1.0,1.0,1.0,,,,,,,,,1.0,68.0,50.0,74.0,,73.5,,,0.0,0.0,On Track,Professional/Cert,NICHE
Salesforce,1.0,1.0,1.0,0.0,0.0,100,False,7.0,False,,7.0,1.0,1.0,1.0,1.0,1.0,1.0,1.0,1.0,1.0,1.0,1.0,1.0,1.0,1.0,,,,,,,,,1.0,28.0,15.0,54.0,,53.6,,,0.0,0.0,On Track,Other,NICHE
IB Economics,1.0,1.0,1.0,0.0,0.0,100,False,7.0,False,,7.0,1.0,1.0,1.0,1.0,1.0,1.0,1.0,1.0,1.0,1.0,1.0,1.0,1.0,1.0,,,,,,,,,1.0,44.0,39.0,0.0,0.0,90.7,down,-90.7,1.0,0.0,Over-Supplied,IB,NICHE
Newtonian Mechanics,1.0,1.0,1.0,0.0,0.0,100,False,7.0,False,,7.0,1.0,1.0,1.0,1.0,1.0,1.0,1.0,1.0,1.0,1.0,1.0,1.0,1.0,1.0,,,,,,,,,1.0,52.0,45.0,87.0,,86.5,,,0.0,0.0,On Track,Other,NICHE
LSAT Argumentative Writing,3.0,1.0,4.0,-67.0,14.0,300,False,7.0,False,,7.0,1.0,1.0,1.0,1.0,1.0,1.0,1.0,1.0,1.0,1.0,1.0,1.0,1.0,1.0,,,,,,,,,1.0,86.0,65.0,100.0,100.0,75.0,up,25.0,2.0,2.0,On Track,Test Prep,NICHE
IB Global Politics,1.0,1.0,1.0,0.0,0.0,100,False,7.0,False,,7.0,1.0,1.0,1.0,1.0,1.0,1.0,1.0,1.0,1.0,1.0,1.0,1.0,1.0,1.0,,,,,,,,,1.0,42.0,34.0,100.0,100.0,80.5,up,19.5,1.0,1.0,On Track,IB,NICHE
IB Environmental Systems and Societies,1.0,1.0,1.0,0.0,0.0,100,False,7.0,False,,7.0,1.0,1.0,1.0,1.0,1.0,1.0,1.0,1.0,1.0,1.0,1.0,1.0,1.0,1.0,,,,,,,,,1.0,14.0,11.0,79.0,,78.6,,,0.0,0.0,On Track,IB,NICHE
Turkish,1.0,1.0,1.0,0.0,0.0,100,False,7.0,False,,7.0,1.0,1.0,1.0,1.0,1.0,1.0,1.0,1.0,1.0,1.0,1.0,1.0,1.0,1.0,,,,,,,,,1.0,4.0,2.0,50.0,,50.0,,,0.0,0.0,On Track,Language,NICHE
ACT,8.0,3.0,10.0,-66.0,37.0,295,False,19.0,True,['Apr'],5.0,0.0,0.0,0.0,0.0,1.0,2.0,2.0,14.0,3.0,0.0,0.0,0.0,1.0,1.0,14.0,,,,,,,12.0,13.0,569.0,484.0,57.0,56.5,86.3,down,-29.7,23.0,13.0,On Track,Test Prep,LOW
High School English,101.0,1.0,121.0,-99.0,700.0,10100,False,7.0,True,['Apr'],0.0,0.0,0.0,0.0,0.0,0.0,0.0,0.0,7.0,0.0,0.0,0.0,0.0,0.0,0.0,7.0,,,,,,,,1.0,1971.0,1387.0,39.0,39.1,72.2,down,-33.1,110.0,43.0,Over-Supplied,High School,NICHE
Calculus 1,28.0,0.0,34.0,-98.0,193.0,6533,False,3.0,True,['Apr'],0.0,0.0,0.0,0.0,0.0,0.0,0.0,0.0,3.0,0.0,0.0,0.0,0.0,0.0,0.0,3.0,,,,,,,19.0,2.0,1157.0,936.0,60.0,60.0,81.5,down,-21.5,30.0,18.0,On Track,Other,NICHE
Conversational French,4.0,2.0,5.0,-39.0,11.0,165,False,17.0,True,['Apr'],10.0,0.0,0.0,0.0,0.0,2.0,4.0,4.0,7.0,2.0,0.0,0.0,2.0,3.0,3.0,7.0,,,,,,,3.0,2.0,180.0,139.0,25.0,25.0,78.4,down,-53.4,4.0,1.0,Over-Supplied,Language,LOW
Korean,2.0,1.0,2.0,-71.0,10.0,350,False,4.0,True,['Apr'],3.0,0.0,0.0,0.0,0.0,1.0,1.0,1.0,1.0,0.0,0.0,0.0,1.0,1.0,1.0,1.0,,,,,,,3.0,1.0,50.0,41.0,33.0,33.3,85.1,down,-51.8,3.0,1.0,Over-Supplied,Language,NICHE
Pre-Algebra,44.0,1.0,53.0,-97.0,298.0,3080,False,10.0,True,['Apr'],2.0,0.0,0.0,0.0,0.0,0.0,0.0,2.0,8.0,0.0,0.0,0.0,0.0,0.0,2.0,8.0,,,,,,,38.0,4.0,2325.0,1869.0,59.0,59.2,81.1,down,-21.9,76.0,45.0,On Track,Middle School,LOW
Conversational Italian,2.0,0.0,2.0,-93.0,13.0,1400,False,1.0,False,,1.0,0.0,0.0,0.0,0.0,0.0,0.0,1.0,0.0,0.0,0.0,0.0,0.0,0.0,1.0,,,,,,,,0.0,2.0,56.0,45.0,100.0,100.0,79.6,up,20.4,2.0,2.0,On Track,Language,NICHE
Phonics,72.0,0.0,86.0,-99.0,501.0,16800,False,3.0,True,['Apr'],0.0,0.0,0.0,0.0,0.0,0.0,0.0,0.0,3.0,0.0,0.0,0.0,0.0,0.0,0.0,3.0,,,,,,,,0.0,2345.0,1764.0,46.0,46.3,76.3,down,-29.9,82.0,38.0,Over-Supplied,Elementary,NICHE
GRE,1.0,0.0,1.0,-71.0,5.0,350,False,2.0,True,['Apr'],0.0,0.0,0.0,0.0,0.0,0.0,0.0,0.0,2.0,1.0,0.0,0.0,0.0,0.0,0.0,2.0,,,,,,,0.0,1.0,127.0,116.0,0.0,0.0,92.1,down,-92.1,1.0,0.0,Over-Supplied,Test Prep,NICHE
College Statistics,4.0,1.0,5.0,-82.0,23.0,560,False,5.0,True,['Apr'],1.0,0.0,0.0,0.0,0.0,0.0,0.0,1.0,4.0,0.0,0.0,0.0,0.0,0.0,1.0,4.0,,,,,,,2.0,5.0,328.0,279.0,40.0,40.0,85.8,down,-45.8,5.0,2.0,Over-Supplied,College,NICHE
TEAS,1.0,0.0,1.0,-71.0,5.0,350,False,2.0,True,['Apr'],0.0,0.0,0.0,0.0,0.0,0.0,0.0,0.0,2.0,1.0,0.0,0.0,0.0,0.0,0.0,2.0,,,,,,,0.0,1.0,64.0,49.0,77.0,,76.6,,,0.0,0.0,On Track,Test Prep,NICHE
High School Writing,95.0,0.0,114.0,-100.0,662.0,22167,False,3.0,False,,3.0,0.0,0.0,0.0,0.0,0.0,1.0,2.0,0.0,0.0,0.0,0.0,0.0,1.0,2.0,,,,,,,,,1.0,1564.0,1094.0,35.0,35.0,72.8,down,-37.7,117.0,41.0,Over-Supplied,High School,NICHE
Grade 10 Math,12.0,1.0,14.0,-95.0,80.0,2100,False,4.0,True,['Apr'],3.0,0.0,0.0,0.0,0.0,0.0,1.0,2.0,1.0,0.0,0.0,0.0,0.0,1.0,2.0,1.0,,,,,,,,1.0,778.0,651.0,33.0,33.3,84.3,down,-50.9,9.0,3.0,Over-Supplied,High School,NICHE
College Math,5.0,0.0,6.0,-91.0,32.0,1167,False,3.0,True,['Apr'],0.0,0.0,0.0,0.0,0.0,0.0,0.0,0.0,3.0,0.0,0.0,0.0,0.0,0.0,0.0,3.0,,,,,,,1.0,1.0,691.0,593.0,50.0,50.0,86.0,down,-36.0,4.0,2.0,On Track,College,NICHE
GMAT,1.0,1.0,1.0,43.0,-3.0,70,True,10.0,True,['Apr'],8.0,0.0,1.0,1.0,2.0,2.0,1.0,1.0,2.0,1.0,2.0,1.0,1.0,2.0,1.0,2.0,,,,,,,0.0,2.0,62.0,55.0,89.0,,88.7,,,0.0,0.0,True Supply Problem,Test Prep,LOW
High School Science,22.0,0.0,26.0,-98.0,151.0,5133,False,3.0,True,['Apr'],1.0,0.0,0.0,0.0,0.0,0.0,0.0,1.0,2.0,0.0,0.0,0.0,0.0,0.0,1.0,2.0,,,,,,,,2.0,987.0,800.0,10.0,10.0,81.8,down,-71.8,10.0,1.0,Over-Supplied,High School,NICHE
SHSAT,5.0,0.0,6.0,-97.0,34.0,3500,False,1.0,True,['Apr'],0.0,0.0,0.0,0.0,0.0,0.0,0.0,0.0,1.0,0.0,0.0,0.0,0.0,0.0,0.0,1.0,,,,,,,8.0,1.0,161.0,131.0,78.0,77.8,81.8,down,-4.0,18.0,14.0,On Track,Test Prep,NICHE
GED,8.0,0.0,10.0,-98.0,55.0,5600,False,1.0,True,['Apr'],0.0,0.0,0.0,0.0,0.0,0.0,0.0,0.0,1.0,0.0,0.0,0.0,0.0,0.0,0.0,1.0,,,,,,,10.0,2.0,532.0,433.0,65.0,64.7,81.9,down,-17.2,17.0,11.0,On Track,Test Prep,NICHE
Business Calculus,2.0,1.0,2.0,-57.0,8.0,233,False,6.0,True,['Apr'],5.0,0.0,0.0,0.0,0.0,1.0,2.0,2.0,1.0,0.0,0.0,0.0,1.0,2.0,2.0,1.0,,,,,,,0.0,3.0,103.0,78.0,0.0,0.0,76.5,down,-76.5,1.0,0.0,Over-Supplied,College,NICHE
DAT,1.0,1.0,1.0,0.0,0.0,100,False,7.0,True,['Apr'],6.0,0.0,1.0,1.0,1.0,1.0,1.0,1.0,1.0,1.0,1.0,1.0,1.0,1.0,1.0,1.0,,,,,,,1.0,1.0,9.0,8.0,100.0,100.0,87.5,up,12.5,1.0,1.0,On Track,Test Prep,NICHE
HESI - Health Education Systems Incorporated,1.0,0.0,1.0,-86.0,6.0,700,False,1.0,True,['Apr'],0.0,0.0,0.0,0.0,0.0,0.0,0.0,0.0,1.0,0.0,0.0,0.0,0.0,0.0,0.0,1.0,0.0,0.0,0.0,0.0,0.0,0.0,,,,,,,,,,,,On Track,Other,NICHE
IBEW - International Brotherhood of Electrical Workers,1.0,0.0,1.0,-86.0,6.0,700,False,1.0,True,['Apr'],0.0,0.0,0.0,0.0,0.0,0.0,0.0,0.0,1.0,0.0,0.0,0.0,0.0,0.0,0.0,1.0,0.0,0.0,0.0,0.0,0.0,0.0,,,,,,,,,,,,On Track,Other,NICHE
NCLEX-Registed Nurse,1.0,0.0,1.0,-86.0,6.0,700,False,1.0,True,['Apr'],0.0,0.0,0.0,0.0,0.0,0.0,0.0,0.0,1.0,0.0,0.0,0.0,0.0,0.0,0.0,1.0,0.0,0.0,0.0,0.0,0.0,0.0,,,,,,,,,,,,On Track,Professional/Cert,NICHE
OAT,1.0,0.0,1.0,-71.0,5.0,350,False,2.0,True,['Apr'],0.0,0.0,0.0,0.0,0.0,0.0,0.0,0.0,2.0,1.0,0.0,0.0,0.0,0.0,0.0,2.0,0.0,0.0,0.0,0.0,0.0,0.0,0.0,1.0,2.0,1.0,50.0,,50.0,,,0.0,0.0,On Track,Test Prep,NICHE
Orton Gillingham Reading,1.0,1.0,1.0,-29.0,2.0,140,False,5.0,True,['Apr'],0.0,0.0,0.0,0.0,0.0,0.0,0.0,0.0,5.0,1.0,0.0,0.0,0.0,0.0,0.0,5.0,0.0,0.0,0.0,0.0,0.0,0.0,,,,,,,,,,,,On Track,Other,NICHE
